,BDM,Territory,SourceSpreadsheetID,ItemKey,GenericName,BrandName,DosageStrength,BatchLotNo,ExpiryDate,SoldPer,StockOnHand,MinimalStock,PurchasePrice,SellingPrice,InventoryValue,IsActive,NearExpiryFlag,StockStatus,Remarks
ILOILO-MAIN,Gregg Louie Vios,VIP Philippines,12yanCzM4ZZ0pUJw6UJ7a5G4b97re2eNpOJgW9sVBAzQ,Viptriaxone | 1 g | ECFXM24107,Ceftriaxone,Viptriaxone,1 g,ECFXM24107,03/29/28,vial,5800,3000,35.00,480.00,"203,000.00",TRUE,FAST MOVING,OK,
ILOILO-MAIN,Gregg Louie Vios,VIP Philippines,12yanCzM4ZZ0pUJw6UJ7a5G4b97re2eNpOJgW9sVBAzQ,Viprazole | 40 mg | D260118,Omeprazole,Viprazole,40 mg,D260118,12/30/28,vial,5000,3000,40.00,450.00,"200,000.00",TRUE,OK,OK,
MGO,Jake Montero,MG and CO.,1wOWz4fba-GeFOeowYBvMaUnx-vRjQ1-ktd34GOLXx4I,Cefazovit | 1 g | C240112,Cefazolin,Cefazovit,1 g,C240112,06/17/27,vial,0,100,131.00,450.00,0.00,TRUE,OUT OF STOCK,OUT,
MGO,Jake Montero,MG and CO.,1wOWz4fba-GeFOeowYBvMaUnx-vRjQ1-ktd34GOLXx4I,Ceftazivit | 1 g | C240121,Ceftazidime,Ceftazivit,1 g,C240121,06/27/26,vial,240,200,212.00,750.00,"50,880.00",TRUE,EXPIRY RISK,OK,
MGO,Jake Montero,MG and CO.,1wOWz4fba-GeFOeowYBvMaUnx-vRjQ1-ktd34GOLXx4I,Viptriaxone | 1 g | ECFXM24107,Ceftriaxone,Viptriaxone,1 g,ECFXM24107,03/29/26,vial,2757,200,46.00,800.00,"126,822.00",TRUE,EXPIRY RISK,OK,
MGO,Jake Montero,MG and CO.,1wOWz4fba-GeFOeowYBvMaUnx-vRjQ1-ktd34GOLXx4I,Ciproson | 200 mg/100 mL | 26430400,Ciprofloxacin,Ciproson,200 mg/100 mL,26430400,08/26/26,bottle,0,200,100.00,799.11,0.00,TRUE,OUT OF STOCK,OUT,
MGO,Jake Montero,MG and CO.,1wOWz4fba-GeFOeowYBvMaUnx-vRjQ1-ktd34GOLXx4I,Dexavit | 4 mg/mL | A250558,Dexamethasone,Dexavit,4 mg/mL,A250558,08/28/26,ampoule,30,200,47.00,102.00,"1,410.00",TRUE,REORDER,LOW,
MGO,Jake Montero,MG and CO.,1wOWz4fba-GeFOeowYBvMaUnx-vRjQ1-ktd34GOLXx4I,Losil | 20 mg/mL | A250560,Hyoscine-n-Butylbromide,Losil,20 mg/mL,A250560,08/28/26,ampoule,252,200,44.00,100.00,"11,088.00",TRUE,OK,OK,
MGO,Jake Montero,MG and CO.,1wOWz4fba-GeFOeowYBvMaUnx-vRjQ1-ktd34GOLXx4I,Ketonix | 30 mg/mL | ACF23001,Ketorolac Trometamol,Ketonix,30 mg/mL,ACF23001,01/26/26,ampoule,0,50,35.00,130.00,0.00,FALSE,OUT OF STOCK,OUT,
MGO,Jake Montero,MG and CO.,1wOWz4fba-GeFOeowYBvMaUnx-vRjQ1-ktd34GOLXx4I,Arcicort | 100 mg | 5056,Lyophilized Hydrocortisone,Arcicort,100 mg,5056,02/28/26,ampoule,100,200,48.00,225.00,"4,800.00",TRUE,EXPIRY RISK,LOW,
MGO,Jake Montero,MG and CO.,1wOWz4fba-GeFOeowYBvMaUnx-vRjQ1-ktd34GOLXx4I,Arcimet | 10 mg/2 mL | AEQ23001,Metoclopramide,Arcimet,10 mg/2 mL,AEQ23001,02/26/26,ampoule,0,50,30.82,70.00,0.00,FALSE,OUT OF STOCK,OUT,
MGO,Jake Montero,MG and CO.,1wOWz4fba-GeFOeowYBvMaUnx-vRjQ1-ktd34GOLXx4I,Vitazol | 500 mg/100 mL | 230308,Metronidazole,Vitazol,500 mg/100 mL,230308,03/26/26,bottle,30,100,36.00,190.00,"1,080.00",TRUE,EXPIRY RISK,LOW,
MGO,Jake Montero,MG and CO.,1wOWz4fba-GeFOeowYBvMaUnx-vRjQ1-ktd34GOLXx4I,Neotalis | 0.5 mg/mL | A250861,Neostigmine,Neotalis,0.5 mg/mL,A250861,03/28/26,ampoule,450,200,58.00,200.00,"26,100.00",TRUE,EXPIRY RISK,OK,
MGO,Jake Montero,MG and CO.,1wOWz4fba-GeFOeowYBvMaUnx-vRjQ1-ktd34GOLXx4I,Viprazole | 40 mg | D260118,Omeprazole,Viprazole,40 mg,D260118,12/30/28,vial,300,200,52.00,650.00,"15,600.00",TRUE,OK,OK,
MGO,Jake Montero,MG and CO.,1wOWz4fba-GeFOeowYBvMaUnx-vRjQ1-ktd34GOLXx4I,Onitaz | 4.5 g | UOT24003,Piperacillin Tazobactam,Onitaz,4.5 g,UOT24003,11/27/26,vial,50,200,200.00,720.00,"10,000.00",TRUE,REORDER,LOW,
MGO,Jake Montero,MG and CO.,1wOWz4fba-GeFOeowYBvMaUnx-vRjQ1-ktd34GOLXx4I,Ranicid | 50 mg/2 mL | AFU25002,Ranitidine,Ranicid,50 mg/2 mL,AFU25002,05/28/26,ampoule,190,50,33.26,85.00,"6,319.40",TRUE,EXPIRY RISK,OK,
MGO,Jake Montero,MG and CO.,1wOWz4fba-GeFOeowYBvMaUnx-vRjQ1-ktd34GOLXx4I,Sodicarb | 84 mg/mL (8.4% w/v) | 5240014,Sodium Bicarbonate,Sodicarb,84 mg/mL (8.4% w/v),5240014,08/27/26,ampoule,130,200,92.00,250.00,"11,960.00",TRUE,REORDER,LOW,
MGO,Jake Montero,MG and CO.,1wOWz4fba-GeFOeowYBvMaUnx-vRjQ1-ktd34GOLXx4I,Vitral | 50 mg/mL | A25592,Tramadol,Vitral,50 mg/mL,A25592,08/28/26,ampoule,740,100,57.00,110.00,"42,180.00",TRUE,OK,OK,
MGO,Jake Montero,MG and CO.,1wOWz4fba-GeFOeowYBvMaUnx-vRjQ1-ktd34GOLXx4I,Pantrex | 500 mg/5 mL | 1125088,Tranexamic Acid,Pantrex,500 mg/5 mL,1125088,11/30/28,ampoule,500,200,63.00,160.00,"31,500.00",TRUE,OK,OK,
PAN,Romela Shen Herrera,VIP Panay,1HEfAOQUwqB2hrkJrKMYu9uLOM7LUylkpo1GhssjXCTA,Kelxime | 1 g  | ECEFM24001,Cefotaxime,Kelxime,1 g ,ECEFM24001,03/01/27,vial,237,200,60.00,300.00,"14,220.00",TRUE,OK,OK,
PAN,Romela Shen Herrera,VIP Panay,1HEfAOQUwqB2hrkJrKMYu9uLOM7LUylkpo1GhssjXCTA,Ceftrialis | 1 g | C240213,Ceftriaxone,Ceftrialis,1 g,C240213,17/12/27,vial,55,100,159.00,800.00,"8,745.00",TRUE,REORDER,LOW,
PAN,Romela Shen Herrera,VIP Panay,1HEfAOQUwqB2hrkJrKMYu9uLOM7LUylkpo1GhssjXCTA,Ceftrixone | 1 g | 2411642,Ceftriaxone,Ceftrixone,1 g,2411642,11/01/27,vial,245,300,70.00,650.00,"17,150.00",TRUE,REORDER,LOW,
PAN,Romela Shen Herrera,VIP Panay,1HEfAOQUwqB2hrkJrKMYu9uLOM7LUylkpo1GhssjXCTA,Vitaroxima | 750 mg | C240064,Cefuroxime,Vitaroxima,750 mg,C240064,12/04/27,vial,90,100,112.00,500.00,"10,080.00",TRUE,REORDER,LOW,
PAN,Romela Shen Herrera,VIP Panay,1HEfAOQUwqB2hrkJrKMYu9uLOM7LUylkpo1GhssjXCTA,Clindex-600 | 600 mg/4 mL | ML24596,Clindamycin,Clindex-600,600  mg/4 mL,ML24596,07/30/26,ampoule,34,100,70.00,650.00,"2,380.00",TRUE,EXPIRY RISK,LOW,
PAN,Romela Shen Herrera,VIP Panay,1HEfAOQUwqB2hrkJrKMYu9uLOM7LUylkpo1GhssjXCTA,Axagyl | 500 mg/100 mL | DK40567,Metronidazole,Axagyl,500 mg/100 mL ,DK40567,10/01/27,bottle,0,500,19.00,190.00,0.00,TRUE,OUT OF STOCK,OUT,
PAN,Romela Shen Herrera,VIP Panay,1HEfAOQUwqB2hrkJrKMYu9uLOM7LUylkpo1GhssjXCTA,Qualiprazole | 40mg | 2501668,Omeprazole,Qualiprazole,40mg,2501668,01/01/28,vial,200,200,90.00,450.00,"18,000.00",TRUE,REORDER,OK,
PAN,Romela Shen Herrera,VIP Panay,1HEfAOQUwqB2hrkJrKMYu9uLOM7LUylkpo1GhssjXCTA,MD-Cid | 20 mg/2mL | 4106,Ranitidine,MD-Cid,20 mg/2mL,4106,04/01/26,ampoule,70,100,13.00,85.00,910.00,TRUE,EXPIRY RISK,LOW,
PAN,Romela Shen Herrera,VIP Panay,1HEfAOQUwqB2hrkJrKMYu9uLOM7LUylkpo1GhssjXCTA,Ciprogyl | 200 mg/100 mL | 11524009,Ciprofloxacin,Ciprogyl,200 mg/100 mL,11524009,02/01/27,bottle,100,100,19.00,550.00,"1,900.00",TRUE,REORDER,OK,
PAN,Romela Shen Herrera,VIP Panay,1HEfAOQUwqB2hrkJrKMYu9uLOM7LUylkpo1GhssjXCTA,Sobinate | 84 mg/ mL (8.4% w/v) | L0732404A,Sodium Bicarbonate,Sobinate,84 mg/ mL (8.4% w/v),L0732404A,05/30/27,ampoule,128,200,119.00,300.00,"15,232.00",TRUE,REORDER,LOW,
PAN,Romela Shen Herrera,VIP Panay,1HEfAOQUwqB2hrkJrKMYu9uLOM7LUylkpo1GhssjXCTA,Philvan | 1 g | VTDG5B6,Vancomycin,Philvan,1 g,VTDG5B6,06/01/27,ampoule,110,100,160.00,720.00,"17,600.00",TRUE,OK,OK,
PAN,Romela Shen Herrera,VIP Panay,1HEfAOQUwqB2hrkJrKMYu9uLOM7LUylkpo1GhssjXCTA,Philvan | 500 mg | VTDG5A7,Vancomycin,Philvan,500 mg,VTDG5A7,06/01/27,ampoule,100,100,100.00,720.00,"10,000.00",TRUE,REORDER,OK,
PAN,Romela Shen Herrera,VIP Panay,1HEfAOQUwqB2hrkJrKMYu9uLOM7LUylkpo1GhssjXCTA,Stigmithyl | 500 mcg/mL  | 4RA110,Neostigmine,Stigmithyl,500 mcg/mL ,4RA110,08/01/27,ampoule,40,100,78.40,200.00,"3,136.00",TRUE,REORDER,LOW,
PAN,Romela Shen Herrera,VIP Panay,1HEfAOQUwqB2hrkJrKMYu9uLOM7LUylkpo1GhssjXCTA,Phytodone | 10 mg/mL | GN5659,Phytomedaione,Phytodone,10 mg/mL,GN5659,05/01/28,ampoule,190,100,14.80,45.00,"2,812.00",TRUE,OK,OK,
PAN,Romela Shen Herrera,VIP Panay,1HEfAOQUwqB2hrkJrKMYu9uLOM7LUylkpo1GhssjXCTA,MD-Uretic | 20 mg/2mL | 240710,Furosemide,MD-Uretic,20 mg/2mL,240710,07/01/27,ampoule,509,300,12.00,45.00,"6,108.00",TRUE,OK,OK,
BAC,Mae Navarro,VIP Bacolod,1em8X2kYF2GYrhA4gvlnQvuZb9n3-JB69s6cYxI3fKiE,Viptriaxone | 1 g | ECFXM24107,Ceftriaxone,Viptriaxone,1 g,ECFXM24107,03/01/29,vial,456,288,35.00,700.00,"15,960.00",TRUE,OK,OK,
BAC,Mae Navarro,VIP Bacolod,1em8X2kYF2GYrhA4gvlnQvuZb9n3-JB69s6cYxI3fKiE,Viprazole | 40 mg | D650113,Omeprazole,Viprazole,40 mg,D650113,01/01/28,vial,120,50,40.00,450.00,"4,800.00",TRUE,OK,OK,
BAC,Mae Navarro,VIP Bacolod,1em8X2kYF2GYrhA4gvlnQvuZb9n3-JB69s6cYxI3fKiE,Ampinex | 1 g | 2307624,Ampicillin Sulbactam,Ampinex,1 g,2307624,07/01/26,vial,99,50,30.00,120.00,"2,970.00",TRUE,EXPIRY RISK,OK,
BAC,Mae Navarro,VIP Bacolod,1em8X2kYF2GYrhA4gvlnQvuZb9n3-JB69s6cYxI3fKiE,Gentacare | 80 mg /mL | 240237,Gentamicin,Gentacare,80 mg /mL,240237,02/01/27,ampoule,230,100,4.50,30.00,"1,035.00",TRUE,OK,OK,
BAC,Mae Navarro,VIP Bacolod,1em8X2kYF2GYrhA4gvlnQvuZb9n3-JB69s6cYxI3fKiE,Gentam | 40 mg /mL | 240481,Gentamicin,Gentam,40 mg /mL,240481,04/01/27,ampoule,200,100,4.50,30.00,900.00,TRUE,OK,OK,
BAC,Mae Navarro,VIP Bacolod,1em8X2kYF2GYrhA4gvlnQvuZb9n3-JB69s6cYxI3fKiE,Neostigmine | 0.5 mg /mL | A250861,Neotalis,Neostigmine,0.5 mg /mL,A250861,03/11/29,ampoule,100,50,59.00,200.00,"5,900.00",TRUE,OK,OK,
BAC,Mae Navarro,VIP Bacolod,1em8X2kYF2GYrhA4gvlnQvuZb9n3-JB69s6cYxI3fKiE,Ceftazivit | 1 g | C240121,Ceftazidime,Ceftazivit,1 g,C240121,06/27/27,vial,20,50,187.00,750.00,"3,740.00",TRUE,REORDER,LOW,
BAC,Mae Navarro,VIP Bacolod,1em8X2kYF2GYrhA4gvlnQvuZb9n3-JB69s6cYxI3fKiE,Tachyban | 6 mg/2 mL | 2F25001,Adenosine,Tachyban,6 mg/2 mL,2F25001,01/01/28,ampoule,50,25,180.00,570.00,"9,000.00",TRUE,OK,OK,
BAC,Mae Navarro,VIP Bacolod,1em8X2kYF2GYrhA4gvlnQvuZb9n3-JB69s6cYxI3fKiE,Acrimet | 10 mg /2 mL | AEQ23001,Metoclopramide,Acrimet,10 mg /2 mL,AEQ23001,02/28/26,ampoule,50,50,26.80,70.00,"1,340.00",FALSE,EXPIRY RISK,OK,
BAC,Mae Navarro,VIP Bacolod,1em8X2kYF2GYrhA4gvlnQvuZb9n3-JB69s6cYxI3fKiE,Noprivex 6000 iu | 0.6 mL | BNI0824055,Enoxaparin,Noprivex 6000 iu,0.6 mL,BNI0824055,07/01/26,PFS,190,50,450.00,600.00,"85,500.00",TRUE,EXPIRY RISK,OK,
BAC,Mae Navarro,VIP Bacolod,1em8X2kYF2GYrhA4gvlnQvuZb9n3-JB69s6cYxI3fKiE,Noprivex 4000 iu | 0.4 mL | BNI0824056,Enoxaparin,Noprivex 4000 iu,0.4 mL,BNI0824056,07/01/26,PFS,100,50,350.00,450.00,"35,000.00",TRUE,EXPIRY RISK,OK,
BAC,Mae Navarro,VIP Bacolod,1em8X2kYF2GYrhA4gvlnQvuZb9n3-JB69s6cYxI3fKiE,HCD Nitrile | Large | P0060000003035052402,Gloves ,HCD Nitrile,Large,P0060000003035052402,04/01/27,box of 100s,100,50,140.00,180.00,"14,000.00",TRUE,OK,OK,
BAC,Mae Navarro,VIP Bacolod,1em8X2kYF2GYrhA4gvlnQvuZb9n3-JB69s6cYxI3fKiE,Partners Oxygen Cannula | Adult | SC23814Ph,Oxygen Cannula,Partners Oxygen Cannula,Adult,SC23814Ph,09/01/28,piece,1000,250,14.00,19.00,"14,000.00",TRUE,OK,OK,
BAC,Mae Navarro,VIP Bacolod,1em8X2kYF2GYrhA4gvlnQvuZb9n3-JB69s6cYxI3fKiE,Partners Oxygen Cannula | Pedia | SC23813PH,Oxygen Cannula,Partners Oxygen Cannula,Pedia,SC23813PH,09/01/28,piece,500,250,13.91,19.00,"6,955.00",TRUE,OK,OK,
BAC,Mae Navarro,VIP Bacolod,1em8X2kYF2GYrhA4gvlnQvuZb9n3-JB69s6cYxI3fKiE,Partners Suction Cath | FR 14 | MD21777006,Suction Catheter,Partners Suction Cath,FR 14,MD21777006,01/11/28,piece,1000,500,5.82,9.00,"5,820.00",TRUE,OK,OK,
BAC,Mae Navarro,VIP Bacolod,1em8X2kYF2GYrhA4gvlnQvuZb9n3-JB69s6cYxI3fKiE,Philvan | 1 g | UTDJ4B4,Vancomycin,Philvan,1 g,UTDJ4B4,09/01/26,Vial,90,50,160.00,680.00,"14,400.00",TRUE,OK,OK,
BAC,Mae Navarro,VIP Bacolod,1em8X2kYF2GYrhA4gvlnQvuZb9n3-JB69s6cYxI3fKiE,Vitaroxima | 750 mg | C249132,Cefuroxime,Vitaroxima,750 mg,C249132,11/07/27,vial,100,50,115.00,500.00,"11,500.00",TRUE,OK,OK,
BAC,Mae Navarro,VIP Bacolod,1em8X2kYF2GYrhA4gvlnQvuZb9n3-JB69s6cYxI3fKiE,Cardowin | 10 mg/10 mL | GN5935,Nicardipine,Cardowin,10 mg/10 mL,GN5935,11/01/28,ampoule,10,10,105.00,550.00,"1,050.00",TRUE,REORDER,OK,
BAC,Mae Navarro,VIP Bacolod,1em8X2kYF2GYrhA4gvlnQvuZb9n3-JB69s6cYxI3fKiE,Porfever | 300 mg/2 mL | 251153,Paracetamol,Porfever,300 mg/2 mL,251153,11/01/28,ampoule,800,300,6.50,45.00,"5,200.00",TRUE,OK,OK,
BAC,Mae Navarro,VIP Bacolod,1em8X2kYF2GYrhA4gvlnQvuZb9n3-JB69s6cYxI3fKiE,Nupira | 4 mg/ 4 mL | FW10-16SE,Norepinephrine,Nupira,4 mg/ 4 mL,FW10-16SE,07/01/28,ampoule,100,50,100.00,450.00,"10,000.00",TRUE,OK,OK,
BAC,Mae Navarro,VIP Bacolod,1em8X2kYF2GYrhA4gvlnQvuZb9n3-JB69s6cYxI3fKiE,Viprazole | 40 mg | D260118,Omeprazole,Viprazole,40 mg,D260118,12/30/28,vial,400,200,40.00,450.00,"16,000.00",TRUE,OK,OK,
DIG,Menivie Daniela,VIP Davao,1IR8cNNH4KOiMUFREvFXq0wOCiIePAmYcHM8vVRkPnas,Vitaroxima | 750 mg | C240064,Cefuroxime,Vitaroxima,750 mg,C240064,12/04/27,vial,360,200,115.00,500.00,"41,400.00",TRUE,OK,OK,
DIG,Menivie Daniela,VIP Davao,1IR8cNNH4KOiMUFREvFXq0wOCiIePAmYcHM8vVRkPnas,Viptriaxone | 1 g | ECFXM24107,Ceftriaxone,Viptriaxone,1 g,ECFXM24107,03/30/29,vial,4922,200,40.00,480.00,"196,880.00",TRUE,OK,OK,
DIG,Menivie Daniela,VIP Davao,1IR8cNNH4KOiMUFREvFXq0wOCiIePAmYcHM8vVRkPnas,Viprazole | 40 mg | DG50113,Omeprazole,Viprazole,40 mg,DG50113,01/30/28,vial,176,200,45.00,450.00,"7,920.00",TRUE,REORDER,LOW,
DIG,Menivie Daniela,VIP Davao,1IR8cNNH4KOiMUFREvFXq0wOCiIePAmYcHM8vVRkPnas,Liferzin | 250 mg | 2411617,Ampicillin,Liferzin,250 mg,2411617,11/30/27,vial,250,50,15.00,50.00,"3,750.00",TRUE,OK,OK,
DIG,Menivie Daniela,VIP Davao,1IR8cNNH4KOiMUFREvFXq0wOCiIePAmYcHM8vVRkPnas,Cocine | 500 mg/2 mL | XV4F001,Amikacine,Cocine ,500 mg/2 mL,XV4F001,05/30/27,vial,90,50,55.00,130.00,"4,950.00",TRUE,OK,OK,
DIG,Menivie Daniela,VIP Davao,1IR8cNNH4KOiMUFREvFXq0wOCiIePAmYcHM8vVRkPnas,Cocine | 250 mg/2 mL | XV4F014,Amikacine,Cocine ,250 mg/2 mL,XV4F014,05/30/27,vial,94,50,35.00,130.00,"3,290.00",TRUE,OK,OK,
DIG,Menivie Daniela,VIP Davao,1IR8cNNH4KOiMUFREvFXq0wOCiIePAmYcHM8vVRkPnas,Tachyban | 6 mg/2 ml | T230541,Adenosine,Tachyban,6 mg/2 ml,T230541,10/30/26,ampoule,61,100,180.00,570.00,"10,980.00",TRUE,REORDER,LOW,
DIG,Menivie Daniela,VIP Davao,1IR8cNNH4KOiMUFREvFXq0wOCiIePAmYcHM8vVRkPnas,Atrix | 1 mg/mL | 141230201,Atropine,Atrix,1 mg/mL,141230201,02/20/26,ampoule,60,50,150.00,570.00,"9,000.00",FALSE,EXPIRY RISK,OK,
DIG,Menivie Daniela,VIP Davao,1IR8cNNH4KOiMUFREvFXq0wOCiIePAmYcHM8vVRkPnas,Ascorsaph- Zee | 500 mg/10 mL | NZE153,Ascorbic Acid Zinc,Ascorsaph- Zee,500 mg/10 mL,NZE153,04/30/27,capsule,300,100,1.08,5.00,324.00,TRUE,OK,OK,
DIG,Menivie Daniela,VIP Davao,1IR8cNNH4KOiMUFREvFXq0wOCiIePAmYcHM8vVRkPnas,Bupiright | 5 mg/mL | 4602401,Bupivacaine,Bupiright,5 mg/mL,12/10/14500,03/30/27,vial,3,100,205.00,490.00,615.00,TRUE,REORDER,LOW,
DIG,Menivie Daniela,VIP Davao,1IR8cNNH4KOiMUFREvFXq0wOCiIePAmYcHM8vVRkPnas,Cefazovit | 1 g | C240029,Cafazolin,Cefazovit,1 g,C240029,02/16/27,vial,180,100,118.00,350.00,"21,240.00",TRUE,OK,OK,
DIG,Menivie Daniela,VIP Davao,1IR8cNNH4KOiMUFREvFXq0wOCiIePAmYcHM8vVRkPnas,Haixone | 1 g | FW10.125E,Ceftriaxone,Haixone,1 g,FW10.125E,09/30/28,vial,156,100,33.00,300.00,"5,148.00",TRUE,OK,OK,
DIG,Menivie Daniela,VIP Davao,1IR8cNNH4KOiMUFREvFXq0wOCiIePAmYcHM8vVRkPnas,Ceftazivit | 1 g | C230159,Ceftazidime,Ceftazivit,1 g,C230159,11/11/26,vial,100,100,187.00,750.00,"18,700.00",TRUE,REORDER,OK,
DIG,Menivie Daniela,VIP Davao,1IR8cNNH4KOiMUFREvFXq0wOCiIePAmYcHM8vVRkPnas,Ceftrinova | 1 g | YNA3209,Ceftriaxone,Ceftrinova,1 g,YNA3209,10/30/26,vial,60,100,33.00,100.00,"1,980.00",TRUE,REORDER,LOW,
DIG,Menivie Daniela,VIP Davao,1IR8cNNH4KOiMUFREvFXq0wOCiIePAmYcHM8vVRkPnas,Kelxime | 1 g | FW10125E,Cefotaxime,Kelxime,1 g,FW10125E,09/30/28,vial,24,20,60.00,300.00,"1,440.00",TRUE,OK,OK,
DIG,Menivie Daniela,VIP Davao,1IR8cNNH4KOiMUFREvFXq0wOCiIePAmYcHM8vVRkPnas,Clonisur | 150 mcg/mL | GN2241,Clonidine,Clonisur,150 mcg/mL,GN2241,08/30/26,ampoule,50,50,95.00,130.00,"4,750.00",TRUE,REORDER,OK,
DIG,Menivie Daniela,VIP Davao,1IR8cNNH4KOiMUFREvFXq0wOCiIePAmYcHM8vVRkPnas,Cefunova | 750 mg | YUN4201,Cefuroxime,Cefunova,750 mg,YUN4201,06/30/27,vial,220,100,20.00,70.00,"4,400.00",TRUE,OK,OK,
DIG,Menivie Daniela,VIP Davao,1IR8cNNH4KOiMUFREvFXq0wOCiIePAmYcHM8vVRkPnas,Cyprox | 500 mg | 233123005,Ciprofloxacin,Cyprox,500 mg,233123005,01/30/26,capsule,100,100,1.56,9.61,156.00,FALSE,EXPIRY RISK,OK,
DIG,Menivie Daniela,VIP Davao,1IR8cNNH4KOiMUFREvFXq0wOCiIePAmYcHM8vVRkPnas,Execore | 500 mg | ECT240051,Cefuroxime,Execore,500 mg,ECT240051,02/28/27,tablet,560,200,9.00,35.00,"5,040.00",TRUE,OK,OK,
DIG,Menivie Daniela,VIP Davao,1IR8cNNH4KOiMUFREvFXq0wOCiIePAmYcHM8vVRkPnas,Doburis | 50 mg/mL | D04551,Dobutamine,Doburis,50 mg/mL,D04551,02/28/26,ampoule,50,50,117.00,500.00,"5,850.00",FALSE,EXPIRY RISK,OK,
DIG,Menivie Daniela,VIP Davao,1IR8cNNH4KOiMUFREvFXq0wOCiIePAmYcHM8vVRkPnas,Doptrex | 40 mg/mL | 2BL24001,Dopamine,Doptrex,40 mg/mL,2BL24001,03/30/27,ampoule,75,50,44.00,120.00,"3,300.00",TRUE,OK,OK,
DIG,Menivie Daniela,VIP Davao,1IR8cNNH4KOiMUFREvFXq0wOCiIePAmYcHM8vVRkPnas,Dixin | 250 mg/mL | IDGNA2403A,Digoxin,Dixin,250 mg/mL,IDGNA2403A,07/30/27,ampoule,30,50,105.00,250.00,"3,150.00",TRUE,REORDER,LOW,
DIG,Menivie Daniela,VIP Davao,1IR8cNNH4KOiMUFREvFXq0wOCiIePAmYcHM8vVRkPnas,Hyphen | 50 mg/mL | 230710,Diphenhydramine,Hyphen,50 mg/mL,230710,07/30/26,ampoule,100,100,21.00,65.00,"2,100.00",TRUE,EXPIRY RISK,OK,
DIG,Menivie Daniela,VIP Davao,1IR8cNNH4KOiMUFREvFXq0wOCiIePAmYcHM8vVRkPnas,Lazicare | 20 mg/2 mL | 240440,Furosimide,Lazicare,20 mg/2 mL,240440,04/30/27,ampoule,50,100,5.50,45.00,275.00,TRUE,REORDER,LOW,
DIG,Menivie Daniela,VIP Davao,1IR8cNNH4KOiMUFREvFXq0wOCiIePAmYcHM8vVRkPnas,Porfever | 300 mg/2 mL | 240444,Paracetamol,Porfever,300 mg/2 mL,240444,04/30/27,ampoule,40,200,6.50,35.00,260.00,TRUE,REORDER,LOW,
DIG,Menivie Daniela,VIP Davao,1IR8cNNH4KOiMUFREvFXq0wOCiIePAmYcHM8vVRkPnas,Metoclosil | 10 mg/2 mL | 2403139,Metoclopramide,Metoclosil,10 mg/2 mL,2403139,03/30/27,ampoule,300,200,5.50,45.00,"1,650.00",TRUE,OK,OK,
DIG,Menivie Daniela,VIP Davao,1IR8cNNH4KOiMUFREvFXq0wOCiIePAmYcHM8vVRkPnas,Vitasone | 100 mg | M240041,Hydrocortisone,Vitasone,100 mg,M240041,04/03/27,vial,20,50,75.00,225.00,"1,500.00",TRUE,REORDER,LOW,
DIG,Menivie Daniela,VIP Davao,1IR8cNNH4KOiMUFREvFXq0wOCiIePAmYcHM8vVRkPnas,Pantrex | 100 mg/mL | 1123152,Tranexamic Acid,Pantrex,100 mg/mL,1123152,10/30/26,ampoule,0,100,53.00,160.00,0.00,TRUE,OUT OF STOCK,OUT,
DIG,Menivie Daniela,VIP Davao,1IR8cNNH4KOiMUFREvFXq0wOCiIePAmYcHM8vVRkPnas,Seredol | 5 mg/mL | 223490,Haloperidol,Seredol,5 mg/mL,223490,11/01/26,ampoule,3,3,"1,350.00","1,690.00","4,050.00",TRUE,REORDER,OK,
DIG,Menivie Daniela,VIP Davao,1IR8cNNH4KOiMUFREvFXq0wOCiIePAmYcHM8vVRkPnas,Phytocore | 10 mg/2 mL | 230941,Phytomenadione,Phytocore,10 mg/2 mL,230941,09/30/26,ampoule,70,100,15.00,75.00,"1,050.00",TRUE,REORDER,LOW,
DIG,Menivie Daniela,VIP Davao,1IR8cNNH4KOiMUFREvFXq0wOCiIePAmYcHM8vVRkPnas,Nupira 4 | 4 mg/4 mL | L0462308E2,Norepnephrine,Nupira 4,4 mg/4 mL,L0462308E2,04/24/26,ampoule,10,20,100.00,780.00,"1,000.00",TRUE,EXPIRY RISK,LOW,
DIG,Menivie Daniela,VIP Davao,1IR8cNNH4KOiMUFREvFXq0wOCiIePAmYcHM8vVRkPnas,Phenerex | 50 mg/2 mL | 339,Promethazine,Phenerex,50 mg/2 mL,339,08/30/26,ampoule,190,190,21.80,100.00,"4,142.00",TRUE,REORDER,OK,
DIG,Menivie Daniela,VIP Davao,1IR8cNNH4KOiMUFREvFXq0wOCiIePAmYcHM8vVRkPnas,Farsorbid | 10mg/10 mL | 3RF007,Isosorbide Dinarate,Farsorbid,10mg/10 mL,3RF007,06/30/26,ampoule,10,10,370.00,500.00,"3,700.00",TRUE,EXPIRY RISK,OK,
DIG,Menivie Daniela,VIP Davao,1IR8cNNH4KOiMUFREvFXq0wOCiIePAmYcHM8vVRkPnas,Sodicarb | 84 mg/mL (8.4% w/v) | 5240014,Sodium Bicarbonate,Sodicarb,84 mg/mL (8.4% w/v),5240014,08/26/27,ampoule,70,100,77.50,300.00,"5,425.00",TRUE,REORDER,LOW,
DIG,Menivie Daniela,VIP Davao,1IR8cNNH4KOiMUFREvFXq0wOCiIePAmYcHM8vVRkPnas,Axagyl | 500 mg/100 mL | DK40567,Metronidazole,Axagyl,500 mg/100 mL,DK40567,10/30/27,bottle,150,300,19.00,140.00,"2,850.00",TRUE,REORDER,LOW,
DIG,Menivie Daniela,VIP Davao,1IR8cNNH4KOiMUFREvFXq0wOCiIePAmYcHM8vVRkPnas,Emacif | 100 mg/5 mL | ACS055,Cefixime,Emacif,100 mg/5 mL,ACS055,10/30/26,bottle,10,10,70.00,160.00,700.00,TRUE,REORDER,OK,
DIG,Menivie Daniela,VIP Davao,1IR8cNNH4KOiMUFREvFXq0wOCiIePAmYcHM8vVRkPnas,Axalav | 1.2 g | UAL23001,Co Amoxiclav,Axalav,1.2 g,UAL23001,11/30/26,vial,20,20,70.00,350.00,"1,400.00",TRUE,REORDER,OK,
DIG,Menivie Daniela,VIP Davao,1IR8cNNH4KOiMUFREvFXq0wOCiIePAmYcHM8vVRkPnas,Tazacin | 4.5 g | UTZ23006,Piperacillin Tazobactam,Tazacin,4.5 g,UTZ23006,03/30/26,vial,30,30,200.00,600.00,"6,000.00",TRUE,EXPIRY RISK,OK,
DIG,Menivie Daniela,VIP Davao,1IR8cNNH4KOiMUFREvFXq0wOCiIePAmYcHM8vVRkPnas,Khrizvix | 75 mg | CJ0008,Clopidogrel,Khrizvix,75 mg,CJ0008,09/30/26,tablet,100,100,1.00,5.00,100.00,TRUE,REORDER,OK,
DIG,Menivie Daniela,VIP Davao,1IR8cNNH4KOiMUFREvFXq0wOCiIePAmYcHM8vVRkPnas,Glycemet | 500 mg | 240705,Metformin,Glycemet,500 mg,240705,07/30/27,tablet,100,100,0.38,5.00,38.00,TRUE,REORDER,OK,
DIG,Menivie Daniela,VIP Davao,1IR8cNNH4KOiMUFREvFXq0wOCiIePAmYcHM8vVRkPnas,Cort | 20 mg | 3J017C,Prenisone,Cort,20 mg,3J017C,10/30/26,tablet,100,100,2.19,10.00,219.00,TRUE,REORDER,OK,
DIG,Menivie Daniela,VIP Davao,1IR8cNNH4KOiMUFREvFXq0wOCiIePAmYcHM8vVRkPnas,Melatonin | 3 mg | SATA22191,Medi -Nite,Melatonin,3 mg,SATA22191,10/14/25,tablet,100,100,0.00,0.00,0.00,FALSE,EXPIRY RISK,OK,
DIG,Menivie Daniela,VIP Davao,1IR8cNNH4KOiMUFREvFXq0wOCiIePAmYcHM8vVRkPnas,Telmibet | 80 mg | EGT240212,Telmisartan,Telmibet,80 mg,EGT240212,06/30/27,tablet,60,60,3.83,10.00,229.80,TRUE,REORDER,OK,
DIG,Menivie Daniela,VIP Davao,1IR8cNNH4KOiMUFREvFXq0wOCiIePAmYcHM8vVRkPnas,Anaway Forte | 500 mg | 2408071,Sambong,Anaway Forte,500 mg,2408071,08/30/27,tablet,100,100,3.00,10.00,300.00,TRUE,REORDER,OK,
DIG,Menivie Daniela,VIP Davao,1IR8cNNH4KOiMUFREvFXq0wOCiIePAmYcHM8vVRkPnas,Xanginart | 35 mg | FK16A401,Trimetazidine,Xanginart,35 mg,FK16A401,12/30/26,tablet,120,100,4.17,15.00,500.40,TRUE,OK,OK,
DIG,Menivie Daniela,VIP Davao,1IR8cNNH4KOiMUFREvFXq0wOCiIePAmYcHM8vVRkPnas,Clindex 600 | 600 mg/4 mL | ML24596,Clindamycin,Clindex 600,600 mg/4 mL,ML24596,07/30/26,ampoule,520,150,105.00,650.00,"54,600.00",TRUE,EXPIRY RISK,OK,
DIG,Menivie Daniela,VIP Davao,1IR8cNNH4KOiMUFREvFXq0wOCiIePAmYcHM8vVRkPnas,Arcimet | 10 mg/2 mL | AE023001,Metoclopramide,Arcimet,10 mg/2 mL,AE023001,02/28/26,ampoule,650,150,26.80,70.00,"17,420.00",FALSE,EXPIRY RISK,OK,
DIG,Menivie Daniela,VIP Davao,1IR8cNNH4KOiMUFREvFXq0wOCiIePAmYcHM8vVRkPnas,Vitral | 50 mg/mL | A250592,Tramadol,Vitral,50 mg/mL,A250592,08/09/29,ampoule,400,150,47.00,110.00,"18,800.00",TRUE,OK,OK,
DIG,Menivie Daniela,VIP Davao,1IR8cNNH4KOiMUFREvFXq0wOCiIePAmYcHM8vVRkPnas,Pletaxol | 100 mg | 4A318A,Cilostazol,Pletaxol,100 mg,4A318A,02/28/26,ampoule,330,100,0.00,0.00,0.00,FALSE,EXPIRY RISK,OK,
DIG,Menivie Daniela,VIP Davao,1IR8cNNH4KOiMUFREvFXq0wOCiIePAmYcHM8vVRkPnas,Bronchonov | 1 mg/mL | 2440036E,Salbutamol,Bronchonov,1 mg/mL,2440036E,05/30/26,ampoule,420,100,0.00,0.00,0.00,FALSE,EXPIRY RISK,OK,
DIG,Menivie Daniela,VIP Davao,1IR8cNNH4KOiMUFREvFXq0wOCiIePAmYcHM8vVRkPnas,Lozemed Plain | 1.2/ 600 mcg | KSH23014,"2,4- Dichlorobenzyl Alcohol Amylmetacresol",Lozemed Plain,1.2/ 600 mcg,KSH23014,10/30/26,tablet,96,90,0.00,0.00,0.00,FALSE,OK,OK,
DIG,Menivie Daniela,VIP Davao,1IR8cNNH4KOiMUFREvFXq0wOCiIePAmYcHM8vVRkPnas,Flucysteine 600 | 600 mg | BW24023,Acetylcysteine,Flucysteine 600,600 mg,BW24023,03/30/26,sachet,30,30,0.00,0.00,0.00,FALSE,EXPIRY RISK,OK,
DIG,Menivie Daniela,VIP Davao,1IR8cNNH4KOiMUFREvFXq0wOCiIePAmYcHM8vVRkPnas,Ketonix | 30 mg/mL | ACF23001,Ketorolac Trometamol,Ketonix,30 mg/mL,ACF23001,01/30/26,ampoule,100,100,0.00,0.00,0.00,FALSE,EXPIRY RISK,OK,
DIG,Menivie Daniela,VIP Davao,1IR8cNNH4KOiMUFREvFXq0wOCiIePAmYcHM8vVRkPnas,Bupiright | 5 mg/mL | 4602202,Bupivacaine,Bupiright,5 mg/mL,4602202,06/30/25,vial,6,0,0.00,0.00,0.00,FALSE,EXPIRY RISK,OK,
DIG,Menivie Daniela,VIP Davao,1IR8cNNH4KOiMUFREvFXq0wOCiIePAmYcHM8vVRkPnas,Atrix | 1 mg/mL | 220901,Atropine,Atrix,1 mg/mL,220901,09/30/25,ampoule,80,0,0.00,0.00,0.00,FALSE,EXPIRY RISK,OK,
DIG,Menivie Daniela,VIP Davao,1IR8cNNH4KOiMUFREvFXq0wOCiIePAmYcHM8vVRkPnas,Truferacid | 500 mg | 3FU604A2,Iron Multivitamins,Truferacid,500 mg,3FU604A2,02/30/25,capsules,100,0,0.00,0.00,0.00,FALSE,OK,OK,
DIG,Menivie Daniela,VIP Davao,1IR8cNNH4KOiMUFREvFXq0wOCiIePAmYcHM8vVRkPnas,Vitazol | 5 mg/mL | 230308,Metronidaziole,Vitazol,5 mg/mL,230308,03/30/26,bottles,300,200,33.00,140.00,"9,900.00",TRUE,EXPIRY RISK,OK,
DIG,Menivie Daniela,VIP Davao,1IR8cNNH4KOiMUFREvFXq0wOCiIePAmYcHM8vVRkPnas,Vitaroxima | 750 mg | C240132,Cefuroxime,Vitaroxima,750 mg,C240132,11/07/27,vial,360,200,115.00,500.00,"41,400.00",TRUE,OK,OK,
DIG,Menivie Daniela,VIP Davao,1IR8cNNH4KOiMUFREvFXq0wOCiIePAmYcHM8vVRkPnas,Axagyl | 500 mg/100 mL | DK40571,Metronidazole,Axagyl,500 mg/100 mL,DK40571,10/30/27,bottles,200,300,19.00,140.00,"3,800.00",TRUE,REORDER,LOW,
DIG,Menivie Daniela,VIP Davao,1IR8cNNH4KOiMUFREvFXq0wOCiIePAmYcHM8vVRkPnas,HCD Nitrile | Medium | PO0600003773102503,Nitrile Gloves,HCD Nitrile,Medium,PO0600003773102503,10/30/28,box of 100s,295,300,140.00,180.00,"41,300.00",TRUE,REORDER,LOW,
DIG,Menivie Daniela,VIP Davao,1IR8cNNH4KOiMUFREvFXq0wOCiIePAmYcHM8vVRkPnas,HCD Nitrile | Small | PO0600003773102502,Nitrile Gloves,HCD Nitrile,Small,PO0600003773102502,10/30/28,box of 100s,35,300,140.00,180.00,"4,900.00",TRUE,REORDER,LOW,
DIG,Menivie Daniela,VIP Davao,1IR8cNNH4KOiMUFREvFXq0wOCiIePAmYcHM8vVRkPnas,Partners Surgical Mask | Earloop | SC250601PH,Face Mask,Partners Surgical Mask,Earloop,SC250601PH,06/30/30,box of 50s,57,60,43.88,90.00,"2,501.16",TRUE,EXPIRY RISK,LOW,
DIG,Menivie Daniela,VIP Davao,1IR8cNNH4KOiMUFREvFXq0wOCiIePAmYcHM8vVRkPnas,HCD Nitrile | Large | PO0600003365122404,Nitrile Gloves,HCD Nitrile,Large,PO0600003365122404,12/30/27,box of 100s,180,300,140.00,180.00,"25,200.00",TRUE,REORDER,LOW,
DIG,Menivie Daniela,VIP Davao,1IR8cNNH4KOiMUFREvFXq0wOCiIePAmYcHM8vVRkPnas,Glomed Latex | Medium | 219036396LC2A,Latex Gloves,Glomed Latex,Medium,219036396LC2A,05/26/30,box of 100s,90,200,140.00,180.00,"12,600.00",FALSE,EXPIRY RISK,LOW,
DIG,Menivie Daniela,VIP Davao,1IR8cNNH4KOiMUFREvFXq0wOCiIePAmYcHM8vVRkPnas,Partners S Cath | FR 14 | SC230726PH,Suction Catheter,Partners S Cath,FR 14,SC230726PH,08/29/28,piece,46,50,6.00,12.00,276.00,TRUE,REORDER,LOW,
DIG,Menivie Daniela,VIP Davao,1IR8cNNH4KOiMUFREvFXq0wOCiIePAmYcHM8vVRkPnas,Partners S Cath | FR 10 | SC240315PH,Suction Catheter,Partners S Cath,FR 10,SC240315PH,04/09/29,piece,95,50,6.00,12.00,570.00,TRUE,OK,OK,
DIG,Menivie Daniela,VIP Davao,1IR8cNNH4KOiMUFREvFXq0wOCiIePAmYcHM8vVRkPnas,Partners S Cath | FR 12 | MDK23877923,Suction Catheter,Partners S Cath,FR 12,MDK23877923,04/20/28,piece,61,50,6.00,12.00,366.00,TRUE,OK,OK,
DIG,Menivie Daniela,VIP Davao,1IR8cNNH4KOiMUFREvFXq0wOCiIePAmYcHM8vVRkPnas,Partners S Cath | FR 16 | SC240416PH,Suction Catheter,Partners S Cath,FR 16,SC240416PH,05/19/29,piece,95,50,6.00,12.00,570.00,TRUE,OK,OK,
DIG,Menivie Daniela,VIP Davao,1IR8cNNH4KOiMUFREvFXq0wOCiIePAmYcHM8vVRkPnas,Partners E Tube | FR 8 | 2304010770,Endotrachea Tube,Partners E Tube,FR 8,2304010770,03/30/28,piece,7,10,34.00,55.00,238.00,TRUE,REORDER,LOW,
DIG,Menivie Daniela,VIP Davao,1IR8cNNH4KOiMUFREvFXq0wOCiIePAmYcHM8vVRkPnas,Partners S Tube | FR 16 | MDK23877917,Stomach Tube,Partners S Tube,FR 16,MDK23877917,03/30/28,piece,45,50,10.00,14.00,450.00,TRUE,REORDER,LOW,
DIG,Menivie Daniela,VIP Davao,1IR8cNNH4KOiMUFREvFXq0wOCiIePAmYcHM8vVRkPnas,Partners S Tube | FR14 | SC231026PH,Stomach Tube,Partners S Tube,FR14,SC231026PH,12/06/28,piece,45,50,10.00,14.00,450.00,TRUE,REORDER,LOW,
DIG,Menivie Daniela,VIP Davao,1IR8cNNH4KOiMUFREvFXq0wOCiIePAmYcHM8vVRkPnas,Ormed Macroset | 20 drops | 420206,Infusion Set,Ormed Macroset,20 drops,420206,02/30/29,piece,21,50,17.00,30.00,357.00,TRUE,REORDER,LOW,
DIG,Menivie Daniela,VIP Davao,1IR8cNNH4KOiMUFREvFXq0wOCiIePAmYcHM8vVRkPnas,Ormed Microset | 60 drops | 420206,Infusion Set,Ormed Microset,60 drops,420206,02/30/29,piece,8,50,17.00,30.00,136.00,TRUE,REORDER,LOW,
DIG,Menivie Daniela,VIP Davao,1IR8cNNH4KOiMUFREvFXq0wOCiIePAmYcHM8vVRkPnas,Partners Elastic Bandage | 4 inch x 5 yards | JA230209U,Elastic Bandage,Partners Elastic Bandage,4 inch x 5 yards,JA230209U,03/30/29,piece,24,12,17.00,30.00,408.00,TRUE,OK,OK,
DIG,Menivie Daniela,VIP Davao,1IR8cNNH4KOiMUFREvFXq0wOCiIePAmYcHM8vVRkPnas,Partners Elastic Bandage | 3 inch x5 yards | JA230209U,Elastic Bandage,Partners Elastic Bandage,3 inch x5 yards,JA230209U,03/30/28,piece,12,12,17.00,30.00,204.00,TRUE,REORDER,OK,
DIG,Menivie Daniela,VIP Davao,1IR8cNNH4KOiMUFREvFXq0wOCiIePAmYcHM8vVRkPnas,Partners ECG Paper | 50 mm x 30m | MDK24959980,ECG Paper,Partners ECG Paper,50 mm x 30m,MDK24959980,12/31/28,roll,50,10,42.73,80.00,"2,136.50",TRUE,OK,OK,
DIG,Menivie Daniela,VIP Davao,1IR8cNNH4KOiMUFREvFXq0wOCiIePAmYcHM8vVRkPnas,Partners Ngt | FR 16 | MDK23877969,Silicone,Partners Ngt,FR 16,MDK23877969,11/20/28,piece,15,15,122.00,185.00,"1,830.00",TRUE,REORDER,OK,
DIG,Menivie Daniela,VIP Davao,1IR8cNNH4KOiMUFREvFXq0wOCiIePAmYcHM8vVRkPnas,Partners Ngt | FR 18 | MD21777008,Silicone,Partners Ngt,FR 18,MD21777008,11/20/26,piece,1,15,130.00,185.00,130.00,TRUE,REORDER,LOW,
DIG,Menivie Daniela,VIP Davao,1IR8cNNH4KOiMUFREvFXq0wOCiIePAmYcHM8vVRkPnas,Tachyban | 6 mg/2 mL | T230529,Adenosine,Tachyban,6 mg/2 mL,T230529,03/30/26,ampoule,11,0,180.00,570.00,"1,980.00",TRUE,EXPIRY RISK,OK,
DIG,Menivie Daniela,VIP Davao,1IR8cNNH4KOiMUFREvFXq0wOCiIePAmYcHM8vVRkPnas,Pantrex | 500 mg/5 mL | 1125088,Tranexamic Acid,Pantrex,500 mg/5 mL,1125088,11/30/28,ampoule,300,100,53.00,160.00,"15,900.00",TRUE,OK,OK,
DIG,Menivie Daniela,VIP Davao,1IR8cNNH4KOiMUFREvFXq0wOCiIePAmYcHM8vVRkPnas,Partners | KN 95 | JA251220U,Face Mask,Partners,KN 95,JA251220U,12/19/28,piece,0,2000,4.64,10.00,0.00,TRUE,OUT OF STOCK,OUT,
DUM,Edcel Mae Arespacochaga,VIP Dumaguete,17J5RP7HqErs6Tv7daOAxKxU7nd77wX7EkUkpR06AuJY,Viprazole | 40 mg | DG50113,Omeprazole,Viprazole,40 mg,DG50113,01/31/28,vial,17,0,40.00,450.00,680.00,FALSE,OK,OK,
DUM,Edcel Mae Arespacochaga,VIP Dumaguete,17J5RP7HqErs6Tv7daOAxKxU7nd77wX7EkUkpR06AuJY,Viptriaxone | 1 g | ECFXM24107,Ceftriaxone,Viptriaxone,1 g,ECFXM24107,03/30/29,vial,17,100,35.00,500.00,595.00,TRUE,REORDER,LOW,
DUM,Edcel Mae Arespacochaga,VIP Dumaguete,17J5RP7HqErs6Tv7daOAxKxU7nd77wX7EkUkpR06AuJY,Kelxime | 1 g | ECEFM24001,Cefotaxime,Kelxime,1 g,ECEFM24001,09/30/28,vial,7,100,60.00,300.00,420.00,TRUE,REORDER,LOW,
DUM,Edcel Mae Arespacochaga,VIP Dumaguete,17J5RP7HqErs6Tv7daOAxKxU7nd77wX7EkUkpR06AuJY,Vitazol | 500 mg/100 mL | 230308,Mentronidazole,Vitazol,500 mg/100 mL,230308,03/30/26,bottle,380,0,33.11,180.00,"12,581.80",FALSE,EXPIRY RISK,OK,
DUM,Edcel Mae Arespacochaga,VIP Dumaguete,17J5RP7HqErs6Tv7daOAxKxU7nd77wX7EkUkpR06AuJY,Ciproson | 200 mg/100 mL | 26450030,Ciprofloxacin,Ciproson,200 mg/100 mL,26450030,12/30/27,bottle,10,0,85.00,550.00,850.00,FALSE,OK,OK,
DUM,Edcel Mae Arespacochaga,VIP Dumaguete,17J5RP7HqErs6Tv7daOAxKxU7nd77wX7EkUkpR06AuJY,Sodicarb | 84 mg/mL (8.4% w/v) | 05240014,Sodium Bicarbonate,Sodicarb,84 mg/mL (8.4% w/v),5240014,08/26/27,ampoule,80,100,78.00,250.00,"6,240.00",TRUE,REORDER,LOW,
DUM,Edcel Mae Arespacochaga,VIP Dumaguete,17J5RP7HqErs6Tv7daOAxKxU7nd77wX7EkUkpR06AuJY,Cefazovit | 1 g | C240029,Cefazolin,Cefazovit,1 g,C240029,02/16/27,vial,70,100,115.00,450.00,"8,050.00",TRUE,REORDER,LOW,
DUM,Edcel Mae Arespacochaga,VIP Dumaguete,17J5RP7HqErs6Tv7daOAxKxU7nd77wX7EkUkpR06AuJY,Vitaroxima | 750 mg  | C240132,Cefuroxime ,Vitaroxima,750 mg ,C240132,11/07/27,vial,60,100,115.00,400.00,"6,900.00",FALSE,REORDER,LOW,
DUM,Edcel Mae Arespacochaga,VIP Dumaguete,17J5RP7HqErs6Tv7daOAxKxU7nd77wX7EkUkpR06AuJY,Ranicid | 50 mg/2 ml | AFU25002,Ranitidine,Ranicid,50 mg/2 ml,AFU25002,05/30/28,ampoule,180,500,7.00,95.00,"1,260.00",TRUE,REORDER,LOW,
DUM,Edcel Mae Arespacochaga,VIP Dumaguete,17J5RP7HqErs6Tv7daOAxKxU7nd77wX7EkUkpR06AuJY,Ketonix | 30 mg/ml | ACF23001,Ketorolac,Ketonix,30 mg/ml,ACF23001,01/30/26,ampoule,10,100,30.24,130.00,302.40,TRUE,EXPIRY RISK,LOW,
DUM,Edcel Mae Arespacochaga,VIP Dumaguete,17J5RP7HqErs6Tv7daOAxKxU7nd77wX7EkUkpR06AuJY,Tachyban | 6 mg/2 mL | 2F25001,Adenosine,Tachyban,6 mg/2 mL,2F25001,01/30/28,ampoule,5,100,180.00,570.00,900.00,TRUE,REORDER,LOW,
DUM,Edcel Mae Arespacochaga,VIP Dumaguete,17J5RP7HqErs6Tv7daOAxKxU7nd77wX7EkUkpR06AuJY,Metoclosil | 10 mg/2 mL | 2403139,Metoclopramide,Metoclosil,10 mg/2 mL,2403139,03/30/27,ampoule,10,100,5.50,55.00,55.00,TRUE,REORDER,LOW,
DUM,Edcel Mae Arespacochaga,VIP Dumaguete,17J5RP7HqErs6Tv7daOAxKxU7nd77wX7EkUkpR06AuJY,Neotalis | 0.5 mg/mL | A241162,Neostigmine,Neotalis,0.5 mg/mL,A241162,03/11/28,ampoule,10,150,59.00,250.00,590.00,TRUE,REORDER,LOW,
DUM,Edcel Mae Arespacochaga,VIP Dumaguete,17J5RP7HqErs6Tv7daOAxKxU7nd77wX7EkUkpR06AuJY,Arcicort | 100 mg | 5056,Hydrocortisone,Arcicort,100 mg,5056,02/30/28,vial,10,0,48.00,225.00,480.00,FALSE,OK,OK,
DUM,Edcel Mae Arespacochaga,VIP Dumaguete,17J5RP7HqErs6Tv7daOAxKxU7nd77wX7EkUkpR06AuJY,Phytocare | 10 mg/mL | 250571,Phytomenadione,Phytocare,10 mg/mL,250571,05/30/28,ampoule,10,0,14.80,75.00,148.00,FALSE,OK,OK,
DUM,Edcel Mae Arespacochaga,VIP Dumaguete,17J5RP7HqErs6Tv7daOAxKxU7nd77wX7EkUkpR06AuJY,Porfever | 300 mg/2 mL | 240386,Paracetamol,Porfever,300 mg/2 mL,240386,03/30/27,ampoule,10,0,6.50,35.00,65.00,FALSE,OK,OK,
DUM,Edcel Mae Arespacochaga,VIP Dumaguete,17J5RP7HqErs6Tv7daOAxKxU7nd77wX7EkUkpR06AuJY,Gentacare | 80 mg/2 mL | 2503101,Gentamicin,Gentacare,80 mg/2 mL,2503101,03/30/28,ampoule,10,100,4.50,35.00,45.00,TRUE,REORDER,LOW,
DUM,Edcel Mae Arespacochaga,VIP Dumaguete,17J5RP7HqErs6Tv7daOAxKxU7nd77wX7EkUkpR06AuJY,Dixin | 250 mcg/mL | IDGNAK501,Digoxin,Dixin,250 mcg/mL,IDGNAK501,04/30/28,ampoule,10,100,105.00,250.00,"1,050.00",TRUE,REORDER,LOW,
DUM,Edcel Mae Arespacochaga,VIP Dumaguete,17J5RP7HqErs6Tv7daOAxKxU7nd77wX7EkUkpR06AuJY,Arcimet | 10 mg/2 mL | AE023001,Metoclopramide,Arcimet,10 mg/2 mL,AE023001,02/28/26,ampoule,830,3000,26.80,90.00,"22,244.00",FALSE,EXPIRY RISK,LOW,
DUM,Edcel Mae Arespacochaga,VIP Dumaguete,17J5RP7HqErs6Tv7daOAxKxU7nd77wX7EkUkpR06AuJY,Vitral | 50 mg/mL | A250592,Tramadol,Vitral,50 mg/mL,A250592,08/09/28,ampoule,500,1000,47.00,90.00,"23,500.00",TRUE,REORDER,LOW,
DUM,Edcel Mae Arespacochaga,VIP Dumaguete,17J5RP7HqErs6Tv7daOAxKxU7nd77wX7EkUkpR06AuJY,Ceftazivit | 1 g | C240121,Ceftazidime,Ceftazivit,1 g,C240121,06/27/27,vial,50,100,187.00,750.00,"9,350.00",TRUE,REORDER,LOW,
DUM,Edcel Mae Arespacochaga,VIP Dumaguete,17J5RP7HqErs6Tv7daOAxKxU7nd77wX7EkUkpR06AuJY,Pantrex | 500 mg/5 mL | 1125088,Tranexamic Acid,Pantrex,500 mg/5 mL,1125088,11/28/26,ampoule,50,100,53.00,160.00,"2,650.00",TRUE,REORDER,LOW,
DUM,Edcel Mae Arespacochaga,VIP Dumaguete,17J5RP7HqErs6Tv7daOAxKxU7nd77wX7EkUkpR06AuJY,Losil | 20 mg/ mL | A250560,Hyoscine-n-butylbromide,Losil,20 mg/ mL,A250560,08/29/28,ampoule,50,100,50.00,120.00,"2,500.00",TRUE,REORDER,LOW,
DUM,Edcel Mae Arespacochaga,VIP Dumaguete,17J5RP7HqErs6Tv7daOAxKxU7nd77wX7EkUkpR06AuJY,Clonisur | 150 mcg/ mL | GN3114,Clonidine,Clonisur,150 mcg/ mL,GN3114,06/30/28,ampoule,50,100,95.00,180.00,"4,750.00",TRUE,REORDER,LOW,
DUM,Edcel Mae Arespacochaga,VIP Dumaguete,17J5RP7HqErs6Tv7daOAxKxU7nd77wX7EkUkpR06AuJY,Sedazenz E TT uncuffed | 3.5 mm | 11851PM,ET Tube (uncuffed) ,Sedazenz E TT uncuffed,3.5 mm,11851PM,10/31/29,piece,10,100,51.00,86.00,510.00,TRUE,REORDER,LOW,
DUM,Edcel Mae Arespacochaga,VIP Dumaguete,17J5RP7HqErs6Tv7daOAxKxU7nd77wX7EkUkpR06AuJY,Sedansenz E TT | 8.0 mm | 11851PM,ET Tube cuffed,Sedansenz E TT,8.0 mm,11851PM,10/31/29,piece,10,100,61.00,72.00,610.00,TRUE,REORDER,LOW,
DUM,Edcel Mae Arespacochaga,VIP Dumaguete,17J5RP7HqErs6Tv7daOAxKxU7nd77wX7EkUkpR06AuJY,Simplex T Drain | FR 12 | 12080PM,T-Tube Drain ,Simplex T Drain,FR 12,12080PM,02/28/30,piece,20,50,105.00,145.00,"2,100.00",TRUE,REORDER,LOW,
DUM,Edcel Mae Arespacochaga,VIP Dumaguete,17J5RP7HqErs6Tv7daOAxKxU7nd77wX7EkUkpR06AuJY,Simplex T Drain | FR 14 | 12080PM,T-Tube Drain ,Simplex T Drain,FR 14,12080PM,02/28/30,piece,20,50,105.00,145.00,"2,100.00",TRUE,REORDER,LOW,
DUM,Edcel Mae Arespacochaga,VIP Dumaguete,17J5RP7HqErs6Tv7daOAxKxU7nd77wX7EkUkpR06AuJY,Simplex T Drain | FR 16 | 12080PM,T-Tube Drain,Simplex T Drain,FR 16,12080PM,02/28/30,piece,20,50,105.00,145.00,"2,100.00",TRUE,REORDER,LOW,
DUM,Edcel Mae Arespacochaga,VIP Dumaguete,17J5RP7HqErs6Tv7daOAxKxU7nd77wX7EkUkpR06AuJY,Simplex T Drain | FR 18 | 12080PM,T-Tube Drain ,Simplex T Drain,FR 18,12080PM,02/28/30,piece,20,50,105.00,145.00,"2,100.00",TRUE,REORDER,LOW,
DUM,Edcel Mae Arespacochaga,VIP Dumaguete,17J5RP7HqErs6Tv7daOAxKxU7nd77wX7EkUkpR06AuJY,Sedansenz  Airway | 80 mm | 12699PM,Guedel Airway,Sedansenz  Airway,80 mm,12699PM,08/31/30,piece,50,20,36.00,51.00,"1,800.00",TRUE,OK,OK,
DUM,Edcel Mae Arespacochaga,VIP Dumaguete,17J5RP7HqErs6Tv7daOAxKxU7nd77wX7EkUkpR06AuJY,Simplex Muc Ex  | DP | 12451PM,Mucus Extractor ,Simplex Muc Ex ,DP,12451PM,05/31/30,piece,25,20,66.00,93.00,"1,650.00",TRUE,OK,OK,
DUM,Edcel Mae Arespacochaga,VIP Dumaguete,17J5RP7HqErs6Tv7daOAxKxU7nd77wX7EkUkpR06AuJY,Simplex Muc Ex  | IN | 9258PP,Mucus Extractor,Simplex Muc Ex ,IN,9258PP,07/31/30,piece,25,20,66.00,93.00,"1,650.00",TRUE,OK,OK,
DUM,Edcel Mae Arespacochaga,VIP Dumaguete,17J5RP7HqErs6Tv7daOAxKxU7nd77wX7EkUkpR06AuJY,Simplex Ngt Dou | FR 16 | 9271PP,Ngt Duodenal Tube,Simplex Ngt Dou,FR 16,9271PP,08/31/30,piece,23,20,9.00,14.00,207.00,TRUE,OK,OK,
DUM,Edcel Mae Arespacochaga,VIP Dumaguete,17J5RP7HqErs6Tv7daOAxKxU7nd77wX7EkUkpR06AuJY,Simplex Suction Cath | FR 16 | VIP 00001,Suction Catheter,Simplex Suction Cath,FR 16,VIP 00001,03/30/30,piece,0,0,9.00,14.00,0.00,TRUE,OUT OF STOCK,OUT,
ILO1,Jay Ann Protacio,eBDM 1 Iloilo,1O_SA5V6UFANT8ccPgPxYBUlnRgQd8uwRY_z2kCp9afE,Partners LS  | 12 x 12 | JA250407U,Lap Sponge,Partners LS ,12 x 12,JA250407U,11/21/28,piece,0,0,51.48,60.00,0.00,TRUE,OUT OF STOCK,OUT,
ILO1,Jay Ann Protacio,eBDM 1 Iloilo,1O_SA5V6UFANT8ccPgPxYBUlnRgQd8uwRY_z2kCp9afE,Partners Underpads | 60 x 90 | TGEM1250045,Underpads,Partners Underpads,60 x 90,TGEM1250045,11/21/28,packs,4,100,103.00,200.00,412.00,TRUE,REORDER,LOW,
ILO1,Jay Ann Protacio,eBDM 1 Iloilo,1O_SA5V6UFANT8ccPgPxYBUlnRgQd8uwRY_z2kCp9afE,Partners Bouffant cap | Caterpillar Type 24 | MDK25021268,Bouffant Cap,Partners Bouffant cap,Caterpillar Type 24,MDK25021268,09/10/28,piece,0,100,83.40,190.00,0.00,TRUE,OUT OF STOCK,OUT,
ILO1,Jay Ann Protacio,eBDM 1 Iloilo,1O_SA5V6UFANT8ccPgPxYBUlnRgQd8uwRY_z2kCp9afE,Partners Thermometer | Digital | MDR08044,Digital Thermometer,Partners Thermometer,Digital,MDR08044,11/21/28,piece,45,0,39.14,65.00,"1,761.30",TRUE,OK,OK,
ILO1,Jay Ann Protacio,eBDM 1 Iloilo,1O_SA5V6UFANT8ccPgPxYBUlnRgQd8uwRY_z2kCp9afE,Partners Gauze Roll | 36X100Y | JA25100IU,Gauze Roll,Partners Gauze Roll,36X100Y,JA25100IU,09/30/30,piece,0,0,646.00,"1,200.00",0.00,TRUE,OUT OF STOCK,OUT,
ILO1,Jay Ann Protacio,eBDM 1 Iloilo,1O_SA5V6UFANT8ccPgPxYBUlnRgQd8uwRY_z2kCp9afE,Nupira | 4 mg/4mL | L0462524E2,Norepinephine,Nupira,4 mg/4mL,L0462524E2,07/14/28,ampoule,100,100,100.00,750.00,"10,000.00",TRUE,REORDER,OK,
ILO1,Jay Ann Protacio,eBDM 1 Iloilo,1O_SA5V6UFANT8ccPgPxYBUlnRgQd8uwRY_z2kCp9afE,Clonisur | 150 mcg/mL | Gn2241,Clonidine,Clonisur,150 mcg/mL,Gn2241,08/01/26,ampoule,110,100,95.00,150.00,"10,450.00",TRUE,EXPIRY RISK,OK,
ILO1,Jay Ann Protacio,eBDM 1 Iloilo,1O_SA5V6UFANT8ccPgPxYBUlnRgQd8uwRY_z2kCp9afE,Haizure | 100 mg/2 mL | 1324173,Phenytoin Sodium,Haizure,100 mg/2 mL,1324173,08/30/26,ampoule,60,100,120.00,575.00,"7,200.00",TRUE,REORDER,LOW,
ILO1,Jay Ann Protacio,eBDM 1 Iloilo,1O_SA5V6UFANT8ccPgPxYBUlnRgQd8uwRY_z2kCp9afE,Ambidol | 100 mg/2 mL | 25A0004,Tramadol,Ambidol,100 mg/2 mL,25A0004,04/30/28,ampoule,500,500,7.00,70.00,"3,500.00",TRUE,REORDER,OK,
ILO1,Jay Ann Protacio,eBDM 1 Iloilo,1O_SA5V6UFANT8ccPgPxYBUlnRgQd8uwRY_z2kCp9afE,Dixin | 250 mcg/2 mL | IDGNAK502,Digoxin,Dixin,250 mcg/2 mL,IDGNAK502,08/30/28,ampoule,100,100,105.00,250.00,"10,500.00",TRUE,REORDER,OK,
ILO1,Jay Ann Protacio,eBDM 1 Iloilo,1O_SA5V6UFANT8ccPgPxYBUlnRgQd8uwRY_z2kCp9afE,Troysetron | 8 mg/4 mL | 2DS25002,Ondansetron,Troysetron,8 mg/4 mL,2DS25002,03/30/28,ampoule,100,100,76.00,285.00,"7,600.00",TRUE,REORDER,OK,
ILO1,Jay Ann Protacio,eBDM 1 Iloilo,1O_SA5V6UFANT8ccPgPxYBUlnRgQd8uwRY_z2kCp9afE,Profmax | 200mg/20 mL | 25011,Propofol,Profmax,200mg/20 mL,25011,06/18/28,vial,100,100,190.00,0.00,"19,000.00",TRUE,REORDER,OK,
ILO1,Jay Ann Protacio,eBDM 1 Iloilo,1O_SA5V6UFANT8ccPgPxYBUlnRgQd8uwRY_z2kCp9afE,Kalyx | 2 mEq/20 mL | DRP716103,Potassium Chloride,Kalyx,2 mEq/20 mL,DRP716103,09/30/28,ampoule,155,150,25.20,130.00,"3,906.00",TRUE,OK,OK,
ILO1,Jay Ann Protacio,eBDM 1 Iloilo,1O_SA5V6UFANT8ccPgPxYBUlnRgQd8uwRY_z2kCp9afE,Epokine 10000 iu | 1.0 mg | ES025C5,Epoetin Alfa,Epokine 10000 iu,1.0 mg,ES025C5,07/10/27,PFS,0,0,"1,750.00","1,890.00",0.00,FALSE,OUT OF STOCK,OUT,
ILO1,Jay Ann Protacio,eBDM 1 Iloilo,1O_SA5V6UFANT8ccPgPxYBUlnRgQd8uwRY_z2kCp9afE,Epokine 4000 iu | 0.4 mL | ES025C6,Epoetin Alfa,Epokine 4000 iu,0.4 mL,ES025C6,07/10/27,PFS,0,0,573.98,873.45,0.00,FALSE,OUT OF STOCK,OUT,
ILO1,Jay Ann Protacio,eBDM 1 Iloilo,1O_SA5V6UFANT8ccPgPxYBUlnRgQd8uwRY_z2kCp9afE,Eryssa 4000 iu | 0.4 mL | AXCEWO2,Epoetin Alfa,Eryssa 4000 iu,0.4 mL,AXCEWO2,03/12/27,PFS,0,0,390.00,650.00,0.00,FALSE,OUT OF STOCK,OUT,
ILO1,Jay Ann Protacio,eBDM 1 Iloilo,1O_SA5V6UFANT8ccPgPxYBUlnRgQd8uwRY_z2kCp9afE,Tachyban | 6 mg/2 mL | 2F25006,Adenosine,Tachyban,6 mg/2 mL,2F25006,07/30/28,ampoule,71,100,180.00,570.00,"12,780.00",TRUE,REORDER,LOW,
ILO1,Jay Ann Protacio,eBDM 1 Iloilo,1O_SA5V6UFANT8ccPgPxYBUlnRgQd8uwRY_z2kCp9afE,Cocine | 250 mg/2 mL | XV3G008,Amikacine,Cocine,250 mg/2 mL,XV3G008,11/21/28,vial,0,100,34.00,130.00,0.00,TRUE,OUT OF STOCK,OUT,
ILO1,Jay Ann Protacio,eBDM 1 Iloilo,1O_SA5V6UFANT8ccPgPxYBUlnRgQd8uwRY_z2kCp9afE,Cocine | 500 mg/2 mL | XV4B009,Amikacine,Cocine,500 mg/2 mL,XV4B009,01/01/27,vial,26,100,55.00,143.00,"1,430.00",TRUE,REORDER,LOW,
ILO1,Jay Ann Protacio,eBDM 1 Iloilo,1O_SA5V6UFANT8ccPgPxYBUlnRgQd8uwRY_z2kCp9afE,Execore | 750 mg | ECFML24001,Cefuroxime,Execore ,750 mg,ECFML24001,12/01/26,vial,171,100,21.00,220.00,"3,591.00",TRUE,OK,OK,
ILO1,Jay Ann Protacio,eBDM 1 Iloilo,1O_SA5V6UFANT8ccPgPxYBUlnRgQd8uwRY_z2kCp9afE,Kethram | 30 mg/mL | XA3F024,Ketorolac ,Kethram,30 mg/mL,XA3F024,05/30/26,ampoule,60,100,16.00,142.00,960.00,TRUE,EXPIRY RISK,LOW,
ILO1,Jay Ann Protacio,eBDM 1 Iloilo,1O_SA5V6UFANT8ccPgPxYBUlnRgQd8uwRY_z2kCp9afE,Azcore | 500 mg | EGT240071,Azithromycin ,Azcore,500 mg,EGT240071,02/01/27,tablet,145,100,10.00,61.00,"1,450.00",TRUE,OK,OK,
ILO1,Jay Ann Protacio,eBDM 1 Iloilo,1O_SA5V6UFANT8ccPgPxYBUlnRgQd8uwRY_z2kCp9afE,Xoprazole | 40 mg | XZP043,Omeprazole,Xoprazole ,40 mg,XZP043,04/30/28,tablet,100,100,4.00,12.00,400.00,TRUE,REORDER,OK,
ILO1,Jay Ann Protacio,eBDM 1 Iloilo,1O_SA5V6UFANT8ccPgPxYBUlnRgQd8uwRY_z2kCp9afE,Sacriva-750 | 500 mg/250 mg | 631230602,Ampicillin Sulbactam ,Sacriva-750,500 mg/250 mg,631230602,06/30/26,vial,10,100,18.30,120.00,183.00,TRUE,EXPIRY RISK,LOW,
ILO1,Jay Ann Protacio,eBDM 1 Iloilo,1O_SA5V6UFANT8ccPgPxYBUlnRgQd8uwRY_z2kCp9afE,Nipple Gel | 30 g | NU08241SR,Nursna,Nipple Gel,30 g,NU08241SR,08/30/26,piece,17,100,299.33,499.00,"5,088.61",TRUE,REORDER,LOW,
ILO1,Jay Ann Protacio,eBDM 1 Iloilo,1O_SA5V6UFANT8ccPgPxYBUlnRgQd8uwRY_z2kCp9afE,Norepinephrine | 4mg/4 mL | L0462318E2,Nupira,Norepinephrine,4mg/4 mL,L0462318E2,07/09/26,ampoule,10,100,290.00,750.00,"2,900.00",TRUE,EXPIRY RISK,LOW,
ILO2,Jenny Rose Jacosalem,eBDM 2 Iloilo,17RGzSlvVOHhUojZc5ZDmDlaUvVaQWBGytKf56t0Awgk,Partners Endo Tube | Cuffed 5.0mm | 2404010809,Endotracheal Tube,Partners Endo Tube,Cuffed 5.0mm,2404010809,03/30/29,piece,3,0,33.80,55.00,101.40,TRUE,OK,OK,
ILO2,Jenny Rose Jacosalem,eBDM 2 Iloilo,17RGzSlvVOHhUojZc5ZDmDlaUvVaQWBGytKf56t0Awgk,Partners Endo Tube | Cuffed 6.5mm | 2404010986,Endotracheal Tube,Partners Endo Tube,Cuffed 6.5mm,2404010986,03/30/29,piece,5,0,33.80,55.00,169.00,TRUE,OK,OK,
ILO2,Jenny Rose Jacosalem,eBDM 2 Iloilo,17RGzSlvVOHhUojZc5ZDmDlaUvVaQWBGytKf56t0Awgk,Partners Endo Tube | Cuffed 6.0mm | 2403010526,Endotracheal Tube,Partners Endo Tube,Cuffed 6.0mm,2403010526,02/30/29,piece,3,0,33.80,55.00,101.40,TRUE,OK,OK,
ILO2,Jenny Rose Jacosalem,eBDM 2 Iloilo,17RGzSlvVOHhUojZc5ZDmDlaUvVaQWBGytKf56t0Awgk,Partners Endo Tube | Cuffed 7.5mm | 2401010148,Endotracheal Tube,Partners Endo Tube,Cuffed 7.5mm,2401010148,12/30/28,piece,11,0,33.80,55.00,371.80,TRUE,OK,OK,
ILO2,Jenny Rose Jacosalem,eBDM 2 Iloilo,17RGzSlvVOHhUojZc5ZDmDlaUvVaQWBGytKf56t0Awgk,Partners Endo Tube | Cuffed 3.0mm | 2302010210,Endotracheal Tube,Partners Endo Tube,Cuffed 3.0mm,2302010210,01/30/28,piece,2,0,35.00,55.00,70.00,TRUE,OK,OK,
ILO2,Jenny Rose Jacosalem,eBDM 2 Iloilo,17RGzSlvVOHhUojZc5ZDmDlaUvVaQWBGytKf56t0Awgk,Partners Endo Tube | Cuffed 2.0mm | 2304010753,Endotracheal Tube,Partners Endo Tube,Cuffed 2.0mm,2304010753,03/30/28,piece,5,0,35.00,55.00,175.00,TRUE,OK,OK,
ILO2,Jenny Rose Jacosalem,eBDM 2 Iloilo,17RGzSlvVOHhUojZc5ZDmDlaUvVaQWBGytKf56t0Awgk,Partners Endo Tube | Cuffed 7.0mm | 2506011921,Endotracheal Tube,Partners Endo Tube,Cuffed 7.0mm,2506011921,06/04/30,piece,150,0,33.80,60.00,"5,070.00",TRUE,EXPIRY RISK,OK,
ILO2,Jenny Rose Jacosalem,eBDM 2 Iloilo,17RGzSlvVOHhUojZc5ZDmDlaUvVaQWBGytKf56t0Awgk,Partners Endo Tube | Cuffed 5.5 mm | 2506011921,Endotracheal Tube,Partners Endo Tube,Cuffed 5.5 mm,2506011921,05/30/30,piece,23,0,33.48,55.00,770.04,TRUE,EXPIRY RISK,OK,
ILO2,Jenny Rose Jacosalem,eBDM 2 Iloilo,17RGzSlvVOHhUojZc5ZDmDlaUvVaQWBGytKf56t0Awgk,Partners Endo Tube | Cuffed 8.0mm | 2406011365,Endotracheal Tube,Partners Endo Tube,Cuffed 8.0mm,2406011365,05/30/29,piece,5,0,33.80,55.00,169.00,TRUE,OK,OK,
ILO2,Jenny Rose Jacosalem,eBDM 2 Iloilo,17RGzSlvVOHhUojZc5ZDmDlaUvVaQWBGytKf56t0Awgk,Partners Endo Tube | Cuffed 4.5mm | 2406011365,Endotracheal Tube,Partners Endo Tube,Cuffed 4.5mm,2406011365,05/30/29,piece,5,0,33.80,55.00,169.00,TRUE,OK,OK,
ILO2,Jenny Rose Jacosalem,eBDM 2 Iloilo,17RGzSlvVOHhUojZc5ZDmDlaUvVaQWBGytKf56t0Awgk,Partners Endo Tube | Uncuffed 4.0mm | 2404010986,Endotracheal Tube,Partners Endo Tube,Uncuffed 4.0mm,2404010986,03/30/29,piece,10,0,33.80,55.00,338.00,TRUE,OK,OK,
ILO2,Jenny Rose Jacosalem,eBDM 2 Iloilo,17RGzSlvVOHhUojZc5ZDmDlaUvVaQWBGytKf56t0Awgk,Partners Endo Tube | Uncuffed 3.5mm | 2304010770,Endotracheal Tube,Partners Endo Tube,Uncuffed 3.5mm,2304010770,03/30/28,piece,13,0,33.80,55.00,439.40,TRUE,OK,OK,
ILO2,Jenny Rose Jacosalem,eBDM 2 Iloilo,17RGzSlvVOHhUojZc5ZDmDlaUvVaQWBGytKf56t0Awgk,Unimex Pen Drain | 1/4 | 12712PM,Penrose Drain,Unimex Pen Drain,1/4,12712PM,09/29/30,piece,38,0,45.00,65.00,"1,710.00",TRUE,EXPIRY RISK,OK,
ILO2,Jenny Rose Jacosalem,eBDM 2 Iloilo,17RGzSlvVOHhUojZc5ZDmDlaUvVaQWBGytKf56t0Awgk,Unimex Pen Drain | 1/2 | 16644TC,Penrose Drain,Unimex Pen Drain,1/2,16644TC,04/19/30,piece,38,0,45.00,65.00,"1,710.00",TRUE,EXPIRY RISK,OK,
ILO2,Jenny Rose Jacosalem,eBDM 2 Iloilo,17RGzSlvVOHhUojZc5ZDmDlaUvVaQWBGytKf56t0Awgk,"Unimex Penrose Drainage Tubing | 1"" | 10938M",Penrose Drainage Tubing,Unimex Penrose Drainage Tubing,"1""",10938M,06/19/28,piece,38,0,45.00,0.00,"1,710.00",TRUE,OK,OK,
ILO2,Jenny Rose Jacosalem,eBDM 2 Iloilo,17RGzSlvVOHhUojZc5ZDmDlaUvVaQWBGytKf56t0Awgk,Partners Diaper | Large | TGEM250020,Diaper,Partners Diaper,Large,TGEM250020,05/23/28,piece,20,0,17.30,30.00,346.00,TRUE,OK,OK,
ILO2,Jenny Rose Jacosalem,eBDM 2 Iloilo,17RGzSlvVOHhUojZc5ZDmDlaUvVaQWBGytKf56t0Awgk,Partners DIaper | Medium | TGEM240027,Diaper,Partners DIaper,Medium,TGEM240027,01/18/28,piece,26,0,15.22,30.00,395.72,TRUE,OK,OK,
ILO2,Jenny Rose Jacosalem,eBDM 2 Iloilo,17RGzSlvVOHhUojZc5ZDmDlaUvVaQWBGytKf56t0Awgk,Caress Diaper | XL | 20250224 Z5A,Diaper,Caress Diaper,XL,20250224 Z5A,02/23/28,piece,5,0,30.00,50.00,150.00,TRUE,OK,OK,
ILO2,Jenny Rose Jacosalem,eBDM 2 Iloilo,17RGzSlvVOHhUojZc5ZDmDlaUvVaQWBGytKf56t0Awgk,Partners Suction Cath | FR 10 | SC250405PH,Suction Catheter,Partners Suction Cath,FR 10,SC250405PH,05/07/30,piece,272,0,5.77,11.00,"1,569.44",TRUE,EXPIRY RISK,OK,
ILO2,Jenny Rose Jacosalem,eBDM 2 Iloilo,17RGzSlvVOHhUojZc5ZDmDlaUvVaQWBGytKf56t0Awgk,Partners Suction Cath | FR 5 | SC250109PH,Suction Catheter,Partners Suction Cath,FR 5,SC250109PH,03/07/30,piece,40,0,6.23,11.00,249.20,TRUE,EXPIRY RISK,OK,
ILO2,Jenny Rose Jacosalem,eBDM 2 Iloilo,17RGzSlvVOHhUojZc5ZDmDlaUvVaQWBGytKf56t0Awgk,Partners Suction Cath | FR 12 | SC240823PH,Suction Catheter,Partners Suction Cath,FR 12,SC240823PH,09/17/29,piece,40,0,5.77,11.00,230.80,TRUE,OK,OK,
ILO2,Jenny Rose Jacosalem,eBDM 2 Iloilo,17RGzSlvVOHhUojZc5ZDmDlaUvVaQWBGytKf56t0Awgk,Partners Foley Cath | FR 12 | 2503010490,Foley Catheter,Partners Foley Cath,FR 12,2503010490,02/30/30,piece,10,0,27.00,50.00,270.00,TRUE,OK,OK,
ILO2,Jenny Rose Jacosalem,eBDM 2 Iloilo,17RGzSlvVOHhUojZc5ZDmDlaUvVaQWBGytKf56t0Awgk,Partners Feed Tube | 5 | MD21752902,Feeding Tube,Partners Feed Tube,5,MD21752902,07/30/26,piece,70,0,6.90,15.00,483.00,TRUE,EXPIRY RISK,OK,
ILO2,Jenny Rose Jacosalem,eBDM 2 Iloilo,17RGzSlvVOHhUojZc5ZDmDlaUvVaQWBGytKf56t0Awgk,Partners Feed Tube | 8 | MD20703504,Feeding Tube,Partners Feed Tube,8,MD20703504,12/30/25,piece,71,0,6.90,18.00,489.90,TRUE,EXPIRY RISK,OK,
ILO2,Jenny Rose Jacosalem,eBDM 2 Iloilo,17RGzSlvVOHhUojZc5ZDmDlaUvVaQWBGytKf56t0Awgk,Glomed Latex | Medium | 219042515LCZA,Gloves,Glomed Latex,Medium,219042515LCZA,12/13/30,Box of 100s,4000,0,140.00,200.00,"560,000.00",TRUE,EXPIRY RISK,OK,
ILO2,Jenny Rose Jacosalem,eBDM 2 Iloilo,17RGzSlvVOHhUojZc5ZDmDlaUvVaQWBGytKf56t0Awgk,Glomed Sterile | 6.5 | 203024445SLZA,Gloves,Glomed Sterile,6.5,203024445SLZA,03/06/29,pairs,195,0,10.00,19.00,"1,950.00",TRUE,OK,OK,
ILO2,Jenny Rose Jacosalem,eBDM 2 Iloilo,17RGzSlvVOHhUojZc5ZDmDlaUvVaQWBGytKf56t0Awgk,Glomed Sterile | 7 | 203024445SLZA,Gloves,Glomed Sterile,7,203024445SLZA,03/05/29,pairs,25,0,9.25,35.00,231.25,TRUE,FAST MOVING,OK,
ILO2,Jenny Rose Jacosalem,eBDM 2 Iloilo,17RGzSlvVOHhUojZc5ZDmDlaUvVaQWBGytKf56t0Awgk,HCD Latex | Medium | 09202443190850,Gloves,HCD Latex,Medium,9202443190850,09/30/27,Box of 100s,3900,0,145.00,0.00,"565,500.00",TRUE,OK,OK,
ILO2,Jenny Rose Jacosalem,eBDM 2 Iloilo,17RGzSlvVOHhUojZc5ZDmDlaUvVaQWBGytKf56t0Awgk,Partners Stool Container | bottle with cap | VIP 00002,Stool Container,Partners Stool Container ,bottle with cap,VIP 00002,01/00/00,piece,0,0,6.00,9.00,0.00,TRUE,OUT OF STOCK,OUT,
ILO2,Jenny Rose Jacosalem,eBDM 2 Iloilo,17RGzSlvVOHhUojZc5ZDmDlaUvVaQWBGytKf56t0Awgk,Partners Stomach Tube | FR 18 | MD20592301,Stomach Tube,Partners Stomach Tube,FR 18,MD20592301,03/20/25,piece,35,0,9.90,15.00,346.50,TRUE,EXPIRY RISK,OK,
ILO2,Jenny Rose Jacosalem,eBDM 2 Iloilo,17RGzSlvVOHhUojZc5ZDmDlaUvVaQWBGytKf56t0Awgk,Oxavin | 500 mg | 2507641,Oxacillin,Oxavin,500 mg,2507641,07/30/28,vial,100,0,19.00,75.00,"1,900.00",TRUE,OK,OK,
ILO2,Jenny Rose Jacosalem,eBDM 2 Iloilo,17RGzSlvVOHhUojZc5ZDmDlaUvVaQWBGytKf56t0Awgk,hujk | 1000 iu | 1BP25D23,Nuparin,hujk,1000 iu,1BP25D23,07/01/28,vial,500,0,70.00,100.00,"35,000.00",TRUE,OK,OK,
ILO2,Jenny Rose Jacosalem,eBDM 2 Iloilo,17RGzSlvVOHhUojZc5ZDmDlaUvVaQWBGytKf56t0Awgk,Epix | 1 mg/mL | 250301,Epinephrine,Epix,1 mg/mL,250301,03/30/28,ampoule,410,0,6.50,35.00,"2,665.00",TRUE,OK,OK,
ILO2,Jenny Rose Jacosalem,eBDM 2 Iloilo,17RGzSlvVOHhUojZc5ZDmDlaUvVaQWBGytKf56t0Awgk,Porfever | 300 mg/2 mL | 26167,Paracetamol,Porfever,300 mg/2 mL,26167,01/30/29,ampoule,1000,0,6.50,40.00,"6,500.00",TRUE,OK,OK,
ILO2,Jenny Rose Jacosalem,eBDM 2 Iloilo,17RGzSlvVOHhUojZc5ZDmDlaUvVaQWBGytKf56t0Awgk,Doptrex | 200 mg/5 mL | MD20592301,Dopamine,Doptrex,200 mg/5 mL,MD20592301,02/01/27,ampoule,604,0,44.00,120.00,"26,576.00",TRUE,OK,OK,
ILO2,Jenny Rose Jacosalem,eBDM 2 Iloilo,17RGzSlvVOHhUojZc5ZDmDlaUvVaQWBGytKf56t0Awgk,Atracurium | 25 mg/2.5 mL | 2225194C,Atrium,Atracurium,25 mg/2.5 mL,2225194C,04/30/27,ampoule,100,0,240.00,350.00,"24,000.00",TRUE,OK,OK,
ILO2,Jenny Rose Jacosalem,eBDM 2 Iloilo,17RGzSlvVOHhUojZc5ZDmDlaUvVaQWBGytKf56t0Awgk,Tetagam | 1 mL 250 IU | P100796966,Human Tetanus Immunoglobulin,Tetagam,1 mL 250 IU,P100796966,10/30/27,vial,0,0,"1,394.00","1,500.00",0.00,TRUE,OUT OF STOCK,OUT,
ILO2,Jenny Rose Jacosalem,eBDM 2 Iloilo,17RGzSlvVOHhUojZc5ZDmDlaUvVaQWBGytKf56t0Awgk,Nestle Pre-nan | 400 g,Milk,Nestle Pre-nan,400 g,,07/21/27,can,5,0,981.00,"1,200.00","4,905.00",TRUE,OK,OK,
ILO2,Jenny Rose Jacosalem,eBDM 2 Iloilo,17RGzSlvVOHhUojZc5ZDmDlaUvVaQWBGytKf56t0Awgk,Partners Foley Cath | FR 8 | 2505011308,Foley Catheter,Partners Foley Cath,FR 8,2505011308,04/30/30,piece,50,0,35.00,55.00,"1,750.00",TRUE,EXPIRY RISK,OK,
ILO2,Jenny Rose Jacosalem,eBDM 2 Iloilo,17RGzSlvVOHhUojZc5ZDmDlaUvVaQWBGytKf56t0Awgk,Partners Suction Cath | FR 14 | SC250605,Suction Catheter,Partners Suction Cath,FR 14,SC250605,06/04/30,piece,300,0,5.82,12.22,"1,746.00",TRUE,OK,OK,
GSC,Cristina Salila,VIP Gensan,1bQozgnncxu4dwOtmg3hdATAHxr0dz1p6HhTzWZTMFMw,Viptriaxone | 1 g | ECFXM24107,Ceftriaxone,Viptriaxone,1 g,ECFXM24107,07/21/05,vial,460,100,35.00,480.00,"16,100.00",TRUE,OK,OK,
GSC,Cristina Salila,VIP Gensan,1bQozgnncxu4dwOtmg3hdATAHxr0dz1p6HhTzWZTMFMw,Viprazole | 40 mg | D650113,Omeprazole,Viprazole,40 mg,D650113,07/20/05,vial,249,100,40.00,450.00,"9,960.00",TRUE,OK,OK,
GSC,Cristina Salila,VIP Gensan,1bQozgnncxu4dwOtmg3hdATAHxr0dz1p6HhTzWZTMFMw,Axagyl | 500 mg/100 mL | DK40571,Metronidazole,Axagyl,500 mg/100 mL,DK40571,11/01/28,bottle,200,100,19.00,140.00,"3,800.00",TRUE,OK,OK,
GSC,Cristina Salila,VIP Gensan,1bQozgnncxu4dwOtmg3hdATAHxr0dz1p6HhTzWZTMFMw,Stigmithyl | 0.5 mcg/mL | 4RA110,Neostigmine,Stigmithyl,0.5 mcg/mL,4RA110,08/01/27,ampoule,78,50,75.00,250.00,"5,850.00",TRUE,OK,OK,
GSC,Cristina Salila,VIP Gensan,1bQozgnncxu4dwOtmg3hdATAHxr0dz1p6HhTzWZTMFMw,HCD Nitrile | Large | P00600003365122403,Gloves Nitrile,HCD Nitrile,Large,P00600003365122403,12/01/27,box of 100s,30,100,140.00,200.00,"4,200.00",TRUE,REORDER,LOW,
GSC,Cristina Salila,VIP Gensan,1bQozgnncxu4dwOtmg3hdATAHxr0dz1p6HhTzWZTMFMw,HCD Nitrile | Medium | PO0600003773102503,Gloves Nitrile,HCD Nitrile,Medium,PO0600003773102503,12/01/27,box of 100s,300,100,140.00,200.00,"42,000.00",TRUE,OK,OK,
ACC,Judy Mae Patrocinio,VIP Shared Services,1i1ehuB0k_2Ca9av9boBjMhaNAyU8rd3JJ7TP4XjVOtU,Partners Surgical Tape | 1 inch x 10 yards | JA250407U,Surgical Tape,Partners Surgical Tape,1 inch x 10 yards,JA250407U,05/30/30,piece,243,100,13.00,94.00,"3,159.00",TRUE,EXPIRY RISK,OK,
ACC,Judy Mae Patrocinio,VIP Shared Services,1i1ehuB0k_2Ca9av9boBjMhaNAyU8rd3JJ7TP4XjVOtU,Partners KN 95 | KN 95 | JA25122OU,KN 95,Partners KN 95,KN 95,JA25122OU,12/19/28,piece,5000,3000,135.00,6.00,"675,000.00",TRUE,OK,OK,
ACC,Judy Mae Patrocinio,VIP Shared Services,1i1ehuB0k_2Ca9av9boBjMhaNAyU8rd3JJ7TP4XjVOtU,Partners Face Mask | Earloop | SC250601PH,Surgical Face Mask,Partners Face Mask,Earloop,SC250601PH,06/30/30,piece,2500,1000,43.88,95.00,"109,700.00",TRUE,EXPIRY RISK,OK,
ACC,Judy Mae Patrocinio,VIP Shared Services,1i1ehuB0k_2Ca9av9boBjMhaNAyU8rd3JJ7TP4XjVOtU,Unimex Volumetric | 60 drops/mL | 12683PM,Volumetric Infusion Set,Unimex Volumetric,60 drops/mL,12683PM,08/19/30,piece,94,100,76.00,120.00,"7,144.00",TRUE,EXPIRY RISK,LOW,
ACC,Judy Mae Patrocinio,VIP Shared Services,1i1ehuB0k_2Ca9av9boBjMhaNAyU8rd3JJ7TP4XjVOtU,Unimex Macro Set | 20 drops/mL | 16734IC,Infusion Set,Unimex Macro Set,20 drops/mL,16734IC,05/20/30,piece,88,100,14.00,25.00,"1,232.00",TRUE,EXPIRY RISK,LOW,
ACC,Judy Mae Patrocinio,VIP Shared Services,1i1ehuB0k_2Ca9av9boBjMhaNAyU8rd3JJ7TP4XjVOtU,Unimex Micro Set | 60 drops/mL | 16734IC,Infusion Set,Unimex Micro Set,60 drops/mL,16734IC,05/20/30,piece,88,100,14.00,25.00,"1,232.00",TRUE,EXPIRY RISK,LOW,
ACC,Judy Mae Patrocinio,VIP Shared Services,1i1ehuB0k_2Ca9av9boBjMhaNAyU8rd3JJ7TP4XjVOtU,Partners Nebulizer Kit | Pedia | 2506011921,Nebulizer Kit/Mask,Partners Nebulizer Kit,Pedia,2506011921,11/29/29,piece,50,100,28.84,45.00,"1,442.00",TRUE,REORDER,LOW,
ACC,Judy Mae Patrocinio,VIP Shared Services,1i1ehuB0k_2Ca9av9boBjMhaNAyU8rd3JJ7TP4XjVOtU,Partners Nebulizer Kit | Adult | SC241023PH,Nebulizer Kit/Mask,Partners Nebulizer Kit,Adult,SC241023PH,05/30/30,piece,195,100,28.84,45.00,"5,623.80",TRUE,EXPIRY RISK,OK,
ACC,Judy Mae Patrocinio,VIP Shared Services,1i1ehuB0k_2Ca9av9boBjMhaNAyU8rd3JJ7TP4XjVOtU,"Partners Gauze Bandage | 4""x4"" x8 ply | JA24080IU",Gauze Bandage,Partners Gauze Bandage,"4""x4"" x8 ply",JA24080IU,08/30/29,piece,313,50,1.80,3.02,563.40,TRUE,OK,OK,
ACC,Judy Mae Patrocinio,VIP Shared Services,1i1ehuB0k_2Ca9av9boBjMhaNAyU8rd3JJ7TP4XjVOtU,Partners Gauze Bandage | 4 x10 yards | JA25011OU,Gauze Bandage,Partners Gauze Bandage,4 x10 yards,JA25011OU,02/30/30,piece,25,50,10.56,18.33,264.00,TRUE,REORDER,LOW,
ACC,Judy Mae Patrocinio,VIP Shared Services,1i1ehuB0k_2Ca9av9boBjMhaNAyU8rd3JJ7TP4XjVOtU,"Partners Gauze Bandage | 2"" x2 x 8 ply | JA230209U",Gauze Bandage,Partners Gauze Bandage,"2"" x2 x 8 ply",JA230209U,04/30/28,piece,92,50,109.60,139.60,"10,083.20",TRUE,OK,OK,
ACC,Judy Mae Patrocinio,VIP Shared Services,1i1ehuB0k_2Ca9av9boBjMhaNAyU8rd3JJ7TP4XjVOtU,Partners Gauze Bandage | 2 x 10 yards | JA210615U,Gauze Bandage,Partners Gauze Bandage,2 x 10 yards,JA210615U,07/30/26,piece,6,50,85.00,120.00,510.00,TRUE,EXPIRY RISK,LOW,
ACC,Judy Mae Patrocinio,VIP Shared Services,1i1ehuB0k_2Ca9av9boBjMhaNAyU8rd3JJ7TP4XjVOtU,Partners Elastic Bandage | 2 inch x 5 yards | JA230109U,Elastic Bandage,Partners Elastic Bandage,2 inch x 5 yards,JA230109U,02/30/2028,piece,8,20,12.10,27.50,96.80,TRUE,REORDER,LOW,
ACC,Judy Mae Patrocinio,VIP Shared Services,1i1ehuB0k_2Ca9av9boBjMhaNAyU8rd3JJ7TP4XjVOtU,Partners Elastic Bandages | 3 inch x 5 yards | JA221216,Elastic Bandage,Partners Elastic Bandages,3 inch x 5 yards,JA221216,01/30/28,piece,8,20,15.53,27.50,124.24,TRUE,REORDER,LOW,
ACC,Judy Mae Patrocinio,VIP Shared Services,1i1ehuB0k_2Ca9av9boBjMhaNAyU8rd3JJ7TP4XjVOtU,Partners Elastic Bandage | 6 inch x 5 yards | JA250214U,Elastic Bandage,Partners Elastic Bandage,6 inch x 5 yards,JA250214U,04/30/30,piece,9,20,16.48,27.50,148.32,TRUE,EXPIRY RISK,LOW,
ACC,Judy Mae Patrocinio,VIP Shared Services,1i1ehuB0k_2Ca9av9boBjMhaNAyU8rd3JJ7TP4XjVOtU,PartnersElastic Bandage | 4 inch x 5 yards | JA250313U,Elastic Bandage,PartnersElastic Bandage,4 inch x 5 yards,JA250313U,04/30/30,piece,13,20,28.00,33.00,364.00,TRUE,EXPIRY RISK,LOW,
ACC,Judy Mae Patrocinio,VIP Shared Services,1i1ehuB0k_2Ca9av9boBjMhaNAyU8rd3JJ7TP4XjVOtU,Tropin | 1mg/mL | 2406081,Atropine,Tropin,1mg/mL,2406081,06/30/27,ampoule,70,100,21.50,75.00,"1,505.00",TRUE,REORDER,LOW,
ACC,Judy Mae Patrocinio,VIP Shared Services,1i1ehuB0k_2Ca9av9boBjMhaNAyU8rd3JJ7TP4XjVOtU,Corpilyn | 500 mg | UCY25002,Ampicillin,Corpilyn,500 mg,UCY25002,05/30/28,vial,100,100,13.50,50.00,"1,350.00",TRUE,REORDER,OK,
ACC,Judy Mae Patrocinio,VIP Shared Services,1i1ehuB0k_2Ca9av9boBjMhaNAyU8rd3JJ7TP4XjVOtU,Metoclosil | 10 mg/2 mL | 2403139,Metoclopramide,Metoclosil,10 mg/2 mL,2403139,03/30/27,ampoule,553,300,5.50,45.00,"3,041.50",TRUE,OK,OK,
ACC,Judy Mae Patrocinio,VIP Shared Services,1i1ehuB0k_2Ca9av9boBjMhaNAyU8rd3JJ7TP4XjVOtU,Cardowin | 10 mg/10 mL | GN5935,Ampicillin,Cardowin,10 mg/10 mL,GN5935,06/30/28,ampoule,100,100,105.00,500.00,"10,500.00",TRUE,REORDER,OK,
ACC,Judy Mae Patrocinio,VIP Shared Services,1i1ehuB0k_2Ca9av9boBjMhaNAyU8rd3JJ7TP4XjVOtU,Gentacare | 80 mg/2 mL | 2507609,Gentamicin,Gentacare,80 mg/2 mL,2507609,07/30/28,ampoule,481,500,4.50,16.00,"2,164.50",TRUE,REORDER,LOW,
ACC,Judy Mae Patrocinio,VIP Shared Services,1i1ehuB0k_2Ca9av9boBjMhaNAyU8rd3JJ7TP4XjVOtU,Noxprivex 4000 iu | 0.4 ml | BNI0824056,Norepinephine,Noxprivex 4000 iu,0.4 ml,BNI0824056,07/30/26,PFS,70,100,350.00,450.00,"24,500.00",TRUE,EXPIRY RISK,LOW,
ACC,Judy Mae Patrocinio,VIP Shared Services,1i1ehuB0k_2Ca9av9boBjMhaNAyU8rd3JJ7TP4XjVOtU,Noxprivex 6000 iu | 0.6 mL | BNI0824055,Norepinephine,Noxprivex 6000 iu,0.6 mL,BNI0824055,07/30/26,PFS ,115,100,450.00,700.00,"51,750.00",TRUE,EXPIRY RISK,OK,
ACC,Judy Mae Patrocinio,VIP Shared Services,1i1ehuB0k_2Ca9av9boBjMhaNAyU8rd3JJ7TP4XjVOtU,Speeda | 0.5 mL | 202505120AY,Purified Rabies Vaccine,Speeda,0.5 mL,202505120AY,01/00/00,piece,0,0,930.00,"1,250.00",0.00,TRUE,OUT OF STOCK,OUT,
ACC,Judy Mae Patrocinio,VIP Shared Services,1i1ehuB0k_2Ca9av9boBjMhaNAyU8rd3JJ7TP4XjVOtU,Abhay-Tox | 0.5 mL | 24GTOX009B,Tetanus Toxoid,Abhay-Tox,0.5 mL,24GTOX009B,01/00/00,vial,0,0,57.60,116.00,0.00,TRUE,OUT OF STOCK,OUT,
ACC,Judy Mae Patrocinio,VIP Shared Services,1i1ehuB0k_2Ca9av9boBjMhaNAyU8rd3JJ7TP4XjVOtU,Partners Lubricating Jelly | 5 g | 2501005,Lubricating Jelly,Partners Lubricating Jelly,5 g,2501005,01/30/30,piece,447,1500,4.16,8.00,"1,859.52",TRUE,EXPIRY RISK,LOW,
ACC,Judy Mae Patrocinio,VIP Shared Services,1i1ehuB0k_2Ca9av9boBjMhaNAyU8rd3JJ7TP4XjVOtU,Partners Nasal Oxygen | Pedia/Adult | SC250918PH,Nasal Oxygen,Partners Nasal Oxygen,Pedia/Adult,SC250918PH,10/19/30,piece,48,100,14.00,19.00,672.00,TRUE,EXPIRY RISK,LOW,
ACC,Judy Mae Patrocinio,VIP Shared Services,1i1ehuB0k_2Ca9av9boBjMhaNAyU8rd3JJ7TP4XjVOtU,Hyphen | 50 mg/mL | 240436,Diphenhydramine,Hyphen,50 mg/mL,240436,04/01/27,ampoule,160,100,21.00,65.00,"3,360.00",TRUE,OK,OK,
ACC,Judy Mae Patrocinio,VIP Shared Services,1i1ehuB0k_2Ca9av9boBjMhaNAyU8rd3JJ7TP4XjVOtU,Farsobid | 10 mg/10 mL | 3RI005,Isosorbide dinitrate,Farsobid,10 mg/10 mL,3RI005,09/30/26,vial,66,100,370.00,500.00,"24,420.00",TRUE,REORDER,LOW,
ACC,Judy Mae Patrocinio,VIP Shared Services,1i1ehuB0k_2Ca9av9boBjMhaNAyU8rd3JJ7TP4XjVOtU,Zytact | 200 mg/5mL | AU23033,Azithromycin,Zytact,200 mg/5mL,AU23033,09/30/26,15 mL bottle,46,100,55.00,75.00,"2,530.00",TRUE,REORDER,LOW,
ACC,Judy Mae Patrocinio,VIP Shared Services,1i1ehuB0k_2Ca9av9boBjMhaNAyU8rd3JJ7TP4XjVOtU,Partners Lubricating Jelly | 80 g | 2409224,Lubricating Jelly,Partners Lubricating Jelly,80 g,2409224,09/30/27,piece,5,50,44.29,60.00,221.45,TRUE,REORDER,LOW,
OZA,Roman Mabanag,VIP Ozamiz,1L3MURjzhk6j6BYvsPCGYn5Zqy6XAjJmNthqzGx_U-e8,VIPTRIAXONE | 1 g | ECFXM24107,CEFTRIAXONE,VIPTRIAXONE,1 g,ECFXM24107,08/01/27,VIAL,402,300,35.00,350.00,"14,070.00",TRUE,OK,OK,
OZA,Roman Mabanag,VIP Ozamiz,1L3MURjzhk6j6BYvsPCGYn5Zqy6XAjJmNthqzGx_U-e8,VIPRAZOLE | 40 mg | DG50113,OMEPRAZOLE,VIPRAZOLE,40 mg,DG50113,01/01/28,VIAL,246,0,40.00,300.00,"9,840.00",TRUE,OK,OK,
OZA,Roman Mabanag,VIP Ozamiz,1L3MURjzhk6j6BYvsPCGYn5Zqy6XAjJmNthqzGx_U-e8,LOSIL | 20 mg/ml | 8241084,HYOSCINE-N BUTYLBROMIDE,LOSIL,20 mg/ml,8241084,08/21/27,AMPOULE,50,50,115.00,350.00,"5,750.00",TRUE,REORDER,OK,
OZA,Roman Mabanag,VIP Ozamiz,1L3MURjzhk6j6BYvsPCGYn5Zqy6XAjJmNthqzGx_U-e8,VITAROXIMA | 750 mg | C240064,CEFUROXIME SODIUM,VITAROXIMA,750 mg,C240064,04/12/27,VIAL,50,50,50.00,110.00,"2,500.00",TRUE,REORDER,OK,
OZA,Roman Mabanag,VIP Ozamiz,1L3MURjzhk6j6BYvsPCGYn5Zqy6XAjJmNthqzGx_U-e8,CEFAZOVIT | 1 g | C240029,CEFAZOLIN SODIUM,CEFAZOVIT,1 g,C240029,02/16/27,VIAL,50,50,118.00,350.00,"5,900.00",TRUE,REORDER,OK,
OZA,Roman Mabanag,VIP Ozamiz,1L3MURjzhk6j6BYvsPCGYn5Zqy6XAjJmNthqzGx_U-e8,VITAZOL | 500 mg/100 mL | 230308,METRONIDAZOLE,VITAZOL,500 mg/100 mL,230308,03/31/26,BOTTLE,130,0,34.00,130.00,"4,420.00",TRUE,EXPIRY RISK,OK,
OZA,Roman Mabanag,VIP Ozamiz,1L3MURjzhk6j6BYvsPCGYn5Zqy6XAjJmNthqzGx_U-e8,ARCIMET | 10 mg/2 mL | AEO23001,METOCLOPRAMIDE HYDROCHLORIDE,ARCIMET,10 mg/2 mL,AEO23001,02/01/26,AMPOULE,550,0,26.80,70.00,"14,740.00",FALSE,EXPIRY RISK,OK,
OZA,Roman Mabanag,VIP Ozamiz,1L3MURjzhk6j6BYvsPCGYn5Zqy6XAjJmNthqzGx_U-e8,PARTNERS Resu PVC | PEDIA | 23002675,MANUAL RESUSCITATOR,PARTNERS Resu PVC,PEDIA,23002675,09/11/28,PIECE,22,20,578.00,880.00,"12,716.00",TRUE,OK,OK,
OZA,Roman Mabanag,VIP Ozamiz,1L3MURjzhk6j6BYvsPCGYn5Zqy6XAjJmNthqzGx_U-e8,PARTNERS Resu PVC | ADULT | 24002845,MANUAL RESUSCITATOR,PARTNERS Resu PVC,ADULT,24002845,10/29/28,PIECE,2,20,578.00,880.00,"1,156.00",TRUE,REORDER,LOW,
OZA,Roman Mabanag,VIP Ozamiz,1L3MURjzhk6j6BYvsPCGYn5Zqy6XAjJmNthqzGx_U-e8,GLOMED Latex | MEDIUM | 219041035LCZA,LATEX GLOVES,GLOMED Latex,MEDIUM,219041035LCZA,10/11/28,Box of 100s,20,20,140.00,200.00,"2,800.00",FALSE,REORDER,OK,
OZA,Roman Mabanag,VIP Ozamiz,1L3MURjzhk6j6BYvsPCGYn5Zqy6XAjJmNthqzGx_U-e8,PARTNERS S Tube | FR 16 | SC250617PH,STOMACH TUBE,PARTNERS S Tube,FR 16,SC250617PH,08/08/30,PIECE,30,10,10.00,16.00,300.00,TRUE,OK,OK,
OZA,Roman Mabanag,VIP Ozamiz,1L3MURjzhk6j6BYvsPCGYn5Zqy6XAjJmNthqzGx_U-e8,PARTNERS D Tube | FR 18 | MDK24959919,GASTRIC DUODENAL TUBE,PARTNERS D Tube,FR 18,MDK24959919,03/10/29,PIECE,2,10,120.00,185.00,240.00,TRUE,REORDER,LOW,
OZA,Roman Mabanag,VIP Ozamiz,1L3MURjzhk6j6BYvsPCGYn5Zqy6XAjJmNthqzGx_U-e8,HCD Nitrile | SMALL | 11 205 6189 0172,NITRILE GLOVES,HCD Nitrile,SMALL,11 205 6189 0172,11/01/28,Box of 100s,40,30,135.00,200.00,"5,400.00",TRUE,OK,OK,
OZA,Roman Mabanag,VIP Ozamiz,1L3MURjzhk6j6BYvsPCGYn5Zqy6XAjJmNthqzGx_U-e8,GLOMED Latex | LARGE | 092025 4334 0077,LATEX GLOVES,GLOMED Latex,LARGE,092025 4334 0077,09/01/28,Box of 100s,10,10,140.00,200.00,"1,400.00",TRUE,REORDER,OK,
OZA,Roman Mabanag,VIP Ozamiz,1L3MURjzhk6j6BYvsPCGYn5Zqy6XAjJmNthqzGx_U-e8,AXAGYL | 500 mg/100 mL | DK40571,METRONIDAZOLE,AXAGYL,500 mg/100 mL,DK40571,10/01/27,BOTTLE,100,100,19.00,130.00,"1,900.00",TRUE,REORDER,OK,
OZA,Roman Mabanag,VIP Ozamiz,1L3MURjzhk6j6BYvsPCGYn5Zqy6XAjJmNthqzGx_U-e8,PANTREX | 500 mg/5 mL | 1123 152,TRANEXAMIC ACID,PANTREX,500 mg/5 mL,1123 152,10/01/26,AMPOULE,47,50,53.00,160.00,"2,491.00",TRUE,REORDER,LOW,
OZA,Roman Mabanag,VIP Ozamiz,1L3MURjzhk6j6BYvsPCGYn5Zqy6XAjJmNthqzGx_U-e8,NOXPRIVEX 4000 | 4000 IU | BNI0824056,ENOXAPARIN SODIUM,NOXPRIVEX 4000,4000 IU,BNI0824056,07/30/26,PFS,47,42,350.00,450.00,"16,450.00",TRUE,EXPIRY RISK,OK,
OZA,Roman Mabanag,VIP Ozamiz,1L3MURjzhk6j6BYvsPCGYn5Zqy6XAjJmNthqzGx_U-e8,MD-URITEC | 20 mg/2 mL | 240710,FUROSEMIDE,MD-URITEC,20 mg/2 mL,240710,07/30/27,AMPOULE,200,100,12.00,45.00,"2,400.00",TRUE,OK,OK,
OZA,Roman Mabanag,VIP Ozamiz,1L3MURjzhk6j6BYvsPCGYn5Zqy6XAjJmNthqzGx_U-e8,AMBIDOL | 100 mg/2 mL | 25A0005,TRAMADOL HCL,AMBIDOL,100 mg/2 mL,25A0005,06/30/28,AMPOULE,110,100,6.50,70.00,715.00,TRUE,OK,OK,
OZA,Roman Mabanag,VIP Ozamiz,1L3MURjzhk6j6BYvsPCGYn5Zqy6XAjJmNthqzGx_U-e8,RANITEIN | 50 mg/2 mL | 2504601,RANITIDINE HCL,RANITEIN,50 mg/2 mL,2504601,04/30/28,AMPOULE,300,100,11.00,65.00,"3,300.00",TRUE,OK,OK,
OZA,Roman Mabanag,VIP Ozamiz,1L3MURjzhk6j6BYvsPCGYn5Zqy6XAjJmNthqzGx_U-e8,MD-CID | 50 mg/2 mL | 4106,RANITIDINE HCL,MD-CID,50 mg/2 mL,4106,04/30/26,AMPOULE,200,100,13.00,65.00,"2,600.00",TRUE,EXPIRY RISK,OK,
OZA,Roman Mabanag,VIP Ozamiz,1L3MURjzhk6j6BYvsPCGYn5Zqy6XAjJmNthqzGx_U-e8,RANICID | 50 mg/2 mL | AFU25002,RANITIDINE HCL,RANICID,50 mg/2 mL,AFU25002,05/30/28,AMPOULE,330,300,30.24,85.00,"9,979.20",TRUE,OK,OK,
OZA,Roman Mabanag,VIP Ozamiz,1L3MURjzhk6j6BYvsPCGYn5Zqy6XAjJmNthqzGx_U-e8,BUPIRIGHT | 5 mg/ml | 4602401,BUPIVACAINE HCL IN 8% DEXTROSE,BUPIRIGHT,5 mg/ml,4602401,03/30/27,AMPOULE,45,20,205.00,490.00,"9,225.00",TRUE,OK,OK,
OZA,Roman Mabanag,VIP Ozamiz,1L3MURjzhk6j6BYvsPCGYn5Zqy6XAjJmNthqzGx_U-e8,NEOTALIS | 0.5 mg/mL | A240577,NEOSTIGMINE METHYLSULFATE,NEOTALIS,0.5 mg/mL,A240577,05/13/27,AMPOULE,10,10,59.00,200.00,590.00,TRUE,REORDER,OK,
OZA,Roman Mabanag,VIP Ozamiz,1L3MURjzhk6j6BYvsPCGYn5Zqy6XAjJmNthqzGx_U-e8,ONITAZ | 4.5 g | UOT24004,PIPERACELLIN TAZOBACTAM,ONITAZ,4.5 g,UOT24004,11/30/27,VIAL,120,100,200.00,600.00,"24,000.00",TRUE,OK,OK,