ItemKey,GenericName,BrandName,DosageStrength,SoldPer,DefaultPurchasePrice,DefaultSellingPrice,IsActive,CanonicalSourceBDM,CanonicalSourceFileID,Notes,LastUpdatedAt
Abhay-Tox | 0.5 mL | 24GTOX009B,Tetanus Toxoid,Abhay-Tox,0.5 mL,vial,57.60,116.00,TRUE,Judy Mae Patrocinio,1i1ehuB0k_2Ca9av9boBjMhaNAyU8rd3JJ7TP4XjVOtU,,4/7/2026 17:44:42
Acrimet | 10 mg /2 mL | AEQ23001,Metoclopramide,Acrimet,10 mg /2 mL,ampoule,26.80,70.00,FALSE,Mae Navarro,1em8X2kYF2GYrhA4gvlnQvuZb9n3-JB69s6cYxI3fKiE,,4/7/2026 17:44:42
Ambidol | 100 mg/2 mL | 25A0004,Tramadol,Ambidol,100 mg/2 mL,ampoule,7.00,70.00,TRUE,Jay Ann Protacio,1O_SA5V6UFANT8ccPgPxYBUlnRgQd8uwRY_z2kCp9afE,,4/7/2026 17:44:42
Ampinex | 1 g | 2307624,Ampicillin Sulbactam,Ampinex,1 g,vial,30.00,120.00,TRUE,Mae Navarro,1em8X2kYF2GYrhA4gvlnQvuZb9n3-JB69s6cYxI3fKiE,,4/7/2026 17:44:42
Anaway Forte | 500 mg | 2408071,Sambong,Anaway Forte,500 mg,tablet,3.00,10.00,TRUE,Menivie Daniela,1IR8cNNH4KOiMUFREvFXq0wOCiIePAmYcHM8vVRkPnas,,4/7/2026 17:44:42
Arcicort | 100 mg | 5056,Lyophilized Hydrocortisone,Arcicort,100 mg,ampoule,48.00,225.00,TRUE,Jake Montero,1wOWz4fba-GeFOeowYBvMaUnx-vRjQ1-ktd34GOLXx4I,,4/7/2026 17:44:42
Arcimet | 10 mg/2 mL | AEQ23001,Metoclopramide,Arcimet,10 mg/2 mL,ampoule,30.82,70.00,FALSE,Jake Montero,1wOWz4fba-GeFOeowYBvMaUnx-vRjQ1-ktd34GOLXx4I,,4/7/2026 17:44:42
Ascorsaph- Zee | 500 mg/10 mL | NZE153,Ascorbic Acid Zinc,Ascorsaph- Zee,500 mg/10 mL,capsule,1.08,5.00,TRUE,Menivie Daniela,1IR8cNNH4KOiMUFREvFXq0wOCiIePAmYcHM8vVRkPnas,,4/7/2026 17:44:42
Atracurium | 25 mg/2.5 mL | 2225194C,Atrium,Atracurium,25 mg/2.5 mL,ampoule,240.00,350.00,TRUE,Jenny Rose Jacosalem,17RGzSlvVOHhUojZc5ZDmDlaUvVaQWBGytKf56t0Awgk,,4/7/2026 17:44:42
Atrix | 1 mg/mL | 141230201,Atropine,Atrix,1 mg/mL,ampoule,150.00,570.00,FALSE,Menivie Daniela,1IR8cNNH4KOiMUFREvFXq0wOCiIePAmYcHM8vVRkPnas,,4/7/2026 17:44:42
Axagyl | 500 mg/100 mL | DK40567,Metronidazole,Axagyl,500 mg/100 mL ,bottle,19.00,190.00,TRUE,Romela Shen Herrera,1HEfAOQUwqB2hrkJrKMYu9uLOM7LUylkpo1GhssjXCTA,,4/7/2026 17:44:42
Axagyl | 500 mg/100 mL | DK40571,Metronidazole,Axagyl,500 mg/100 mL,bottles,19.00,140.00,TRUE,Menivie Daniela,1IR8cNNH4KOiMUFREvFXq0wOCiIePAmYcHM8vVRkPnas,,4/7/2026 17:44:42
Axalav | 1.2 g | UAL23001,Co Amoxiclav,Axalav,1.2 g,vial,70.00,350.00,TRUE,Menivie Daniela,1IR8cNNH4KOiMUFREvFXq0wOCiIePAmYcHM8vVRkPnas,,4/7/2026 17:44:42
Azcore | 500 mg | EGT240071,Azithromycin ,Azcore,500 mg,tablet,10.00,61.00,TRUE,Jay Ann Protacio,1O_SA5V6UFANT8ccPgPxYBUlnRgQd8uwRY_z2kCp9afE,,4/7/2026 17:44:42
Bupiright | 5 mg/mL | 4602401,Bupivacaine,Bupiright,5 mg/mL,vial,205.00,490.00,TRUE,Menivie Daniela,1IR8cNNH4KOiMUFREvFXq0wOCiIePAmYcHM8vVRkPnas,,4/7/2026 17:44:42
BUPIRIGHT | 5 mg/ml | 4602401,BUPIVACAINE HCL IN 8% DEXTROSE,BUPIRIGHT,5 mg/ml,AMPOULE,205.00,490.00,TRUE,Roman Mabanag,1L3MURjzhk6j6BYvsPCGYn5Zqy6XAjJmNthqzGx_U-e8,,4/7/2026 17:44:42
Cardowin | 10 mg/10 mL | GN5935,Nicardipine,Cardowin,10 mg/10 mL,ampoule,105.00,550.00,TRUE,Mae Navarro,1em8X2kYF2GYrhA4gvlnQvuZb9n3-JB69s6cYxI3fKiE,,4/7/2026 17:44:42
Caress Diaper | XL | 20250224 Z5A,Diaper,Caress Diaper,XL,piece,30.00,50.00,TRUE,Jenny Rose Jacosalem,17RGzSlvVOHhUojZc5ZDmDlaUvVaQWBGytKf56t0Awgk,,4/7/2026 17:44:42
Cefazovit | 1 g | C240029,Cafazolin,Cefazovit,1 g,vial,118.00,350.00,TRUE,Menivie Daniela,1IR8cNNH4KOiMUFREvFXq0wOCiIePAmYcHM8vVRkPnas,,4/7/2026 17:44:42
Cefazovit | 1 g | C240112,Cefazolin,Cefazovit,1 g,vial,131.00,450.00,TRUE,Jake Montero,1wOWz4fba-GeFOeowYBvMaUnx-vRjQ1-ktd34GOLXx4I,,4/7/2026 17:44:42
Ceftazivit | 1 g | C230159,Ceftazidime,Ceftazivit,1 g,vial,187.00,750.00,TRUE,Menivie Daniela,1IR8cNNH4KOiMUFREvFXq0wOCiIePAmYcHM8vVRkPnas,,4/7/2026 17:44:42
Ceftazivit | 1 g | C240121,Ceftazidime,Ceftazivit,1 g,vial,212.00,750.00,TRUE,Jake Montero,1wOWz4fba-GeFOeowYBvMaUnx-vRjQ1-ktd34GOLXx4I,,4/7/2026 17:44:42
Ceftrialis | 1 g | C240213,Ceftriaxone,Ceftrialis,1 g,vial,159.00,800.00,TRUE,Romela Shen Herrera,1HEfAOQUwqB2hrkJrKMYu9uLOM7LUylkpo1GhssjXCTA,,4/7/2026 17:44:42
Ceftrinova | 1 g | YNA3209,Ceftriaxone,Ceftrinova,1 g,vial,33.00,100.00,TRUE,Menivie Daniela,1IR8cNNH4KOiMUFREvFXq0wOCiIePAmYcHM8vVRkPnas,,4/7/2026 17:44:42
Ceftrixone | 1 g | 2411642,Ceftriaxone,Ceftrixone,1 g,vial,70.00,650.00,TRUE,Romela Shen Herrera,1HEfAOQUwqB2hrkJrKMYu9uLOM7LUylkpo1GhssjXCTA,,4/7/2026 17:44:42
Cefunova | 750 mg | YUN4201,Cefuroxime,Cefunova,750 mg,vial,20.00,70.00,TRUE,Menivie Daniela,1IR8cNNH4KOiMUFREvFXq0wOCiIePAmYcHM8vVRkPnas,,4/7/2026 17:44:42
Ciprogyl | 200 mg/100 mL | 11524009,Ciprofloxacin,Ciprogyl,200 mg/100 mL,bottle,19.00,550.00,TRUE,Romela Shen Herrera,1HEfAOQUwqB2hrkJrKMYu9uLOM7LUylkpo1GhssjXCTA,,4/7/2026 17:44:42
Ciproson | 200 mg/100 mL | 26430400,Ciprofloxacin,Ciproson,200 mg/100 mL,bottle,100.00,799.11,TRUE,Jake Montero,1wOWz4fba-GeFOeowYBvMaUnx-vRjQ1-ktd34GOLXx4I,,4/7/2026 17:44:42
Ciproson | 200 mg/100 mL | 26450030,Ciprofloxacin,Ciproson,200 mg/100 mL,bottle,85.00,550.00,FALSE,Edcel Mae Arespacochaga,17J5RP7HqErs6Tv7daOAxKxU7nd77wX7EkUkpR06AuJY,,4/7/2026 17:44:42
Clindex 600 | 600 mg/4 mL | ML24596,Clindamycin,Clindex 600,600 mg/4 mL,ampoule,105.00,650.00,TRUE,Menivie Daniela,1IR8cNNH4KOiMUFREvFXq0wOCiIePAmYcHM8vVRkPnas,,4/7/2026 17:44:42
Clonisur | 150 mcg/ mL | GN3114,Clonidine,Clonisur,150 mcg/ mL,ampoule,95.00,180.00,TRUE,Edcel Mae Arespacochaga,17J5RP7HqErs6Tv7daOAxKxU7nd77wX7EkUkpR06AuJY,,4/7/2026 17:44:42
Clonisur | 150 mcg/mL | GN2241,Clonidine,Clonisur,150 mcg/mL,ampoule,95.00,180.00,TRUE,Menivie Daniela,1IR8cNNH4KOiMUFREvFXq0wOCiIePAmYcHM8vVRkPnas,,4/7/2026 17:44:42
Cocine | 250 mg/2 mL | XV3G008,Amikacine,Cocine,250 mg/2 mL,vial,34.00,130.00,TRUE,Jay Ann Protacio,1O_SA5V6UFANT8ccPgPxYBUlnRgQd8uwRY_z2kCp9afE,,4/7/2026 17:44:42
Cocine | 250 mg/2 mL | XV4F014,Amikacine,Cocine ,250 mg/2 mL,vial,35.00,130.00,TRUE,Menivie Daniela,1IR8cNNH4KOiMUFREvFXq0wOCiIePAmYcHM8vVRkPnas,,4/7/2026 17:44:42
Cocine | 500 mg/2 mL | XV4B009,Amikacine,Cocine,500 mg/2 mL,vial,55.00,143.00,TRUE,Jay Ann Protacio,1O_SA5V6UFANT8ccPgPxYBUlnRgQd8uwRY_z2kCp9afE,,4/7/2026 17:44:42
Cocine | 500 mg/2 mL | XV4F001,Amikacine,Cocine ,500 mg/2 mL,vial,55.00,130.00,TRUE,Menivie Daniela,1IR8cNNH4KOiMUFREvFXq0wOCiIePAmYcHM8vVRkPnas,,4/7/2026 17:44:42
Corpilyn | 500 mg | UCY25002,Ampicillin,Corpilyn,500 mg,vial,13.50,50.00,TRUE,Judy Mae Patrocinio,1i1ehuB0k_2Ca9av9boBjMhaNAyU8rd3JJ7TP4XjVOtU,,4/7/2026 17:44:42
Cort | 20 mg | 3J017C,Prenisone,Cort,20 mg,tablet,2.19,10.00,TRUE,Menivie Daniela,1IR8cNNH4KOiMUFREvFXq0wOCiIePAmYcHM8vVRkPnas,,4/7/2026 17:44:42
Cyprox | 500 mg | 233123005,Ciprofloxacin,Cyprox,500 mg,capsule,1.56,9.61,FALSE,Menivie Daniela,1IR8cNNH4KOiMUFREvFXq0wOCiIePAmYcHM8vVRkPnas,,4/7/2026 17:44:42
Dexavit | 4 mg/mL | A250558,Dexamethasone,Dexavit,4 mg/mL,ampoule,47.00,102.00,TRUE,Jake Montero,1wOWz4fba-GeFOeowYBvMaUnx-vRjQ1-ktd34GOLXx4I,,4/7/2026 17:44:42
Dixin | 250 mcg/2 mL | IDGNAK502,Digoxin,Dixin,250 mcg/2 mL,ampoule,105.00,250.00,TRUE,Jay Ann Protacio,1O_SA5V6UFANT8ccPgPxYBUlnRgQd8uwRY_z2kCp9afE,,4/7/2026 17:44:42
Dixin | 250 mg/mL | IDGNA2403A,Digoxin,Dixin,250 mg/mL,ampoule,105.00,250.00,TRUE,Menivie Daniela,1IR8cNNH4KOiMUFREvFXq0wOCiIePAmYcHM8vVRkPnas,,4/7/2026 17:44:42
Doburis | 50 mg/mL | D04551,Dobutamine,Doburis,50 mg/mL,ampoule,117.00,500.00,FALSE,Menivie Daniela,1IR8cNNH4KOiMUFREvFXq0wOCiIePAmYcHM8vVRkPnas,,4/7/2026 17:44:42
Doptrex | 200 mg/5 mL | MD20592301,Dopamine,Doptrex,200 mg/5 mL,ampoule,44.00,120.00,TRUE,Jenny Rose Jacosalem,17RGzSlvVOHhUojZc5ZDmDlaUvVaQWBGytKf56t0Awgk,,4/7/2026 17:44:42
Doptrex | 200 mg/5 mL | 2BL24001,Dopamine,Doptrex,200 mg/5 mL,ampoule,44.00,120.00,TRUE,Menivie Daniela,1IR8cNNH4KOiMUFREvFXq0wOCiIePAmYcHM8vVRkPnas,,4/7/2026 17:44:42
Emacif | 100 mg/5 mL | ACS055,Cefixime,Emacif,100 mg/5 mL,bottle,70.00,160.00,TRUE,Menivie Daniela,1IR8cNNH4KOiMUFREvFXq0wOCiIePAmYcHM8vVRkPnas,,4/7/2026 17:44:42
Epix | 1 mg/mL | 250301,Epinephrine,Epix,1 mg/mL,ampoule,6.50,35.00,TRUE,Jenny Rose Jacosalem,17RGzSlvVOHhUojZc5ZDmDlaUvVaQWBGytKf56t0Awgk,,4/7/2026 17:44:42
Epokine 10000 iu | 1.0 mg | ES025C5,Epoetin Alfa,Epokine 10000 iu,1.0 mg,PFS,"1,750.00","1,890.00",FALSE,Jay Ann Protacio,1O_SA5V6UFANT8ccPgPxYBUlnRgQd8uwRY_z2kCp9afE,,4/7/2026 17:44:42
Epokine 4000 iu | 0.4 mL | ES025C6,Epoetin Alfa,Epokine 4000 iu,0.4 mL,PFS,573.98,873.45,FALSE,Jay Ann Protacio,1O_SA5V6UFANT8ccPgPxYBUlnRgQd8uwRY_z2kCp9afE,,4/7/2026 17:44:42
Eryssa 4000 iu | 0.4 mL | AXCEWO2,Epoetin Alfa,Eryssa 4000 iu,0.4 mL,PFS,390.00,650.00,FALSE,Jay Ann Protacio,1O_SA5V6UFANT8ccPgPxYBUlnRgQd8uwRY_z2kCp9afE,,4/7/2026 17:44:42
Execore | 500 mg | ECT240051,Cefuroxime,Execore,500 mg,tablet,9.00,35.00,TRUE,Menivie Daniela,1IR8cNNH4KOiMUFREvFXq0wOCiIePAmYcHM8vVRkPnas,,4/7/2026 17:44:42
Execore | 750 mg | ECFML24001,Cefuroxime,Execore ,750 mg,vial,21.00,220.00,TRUE,Jay Ann Protacio,1O_SA5V6UFANT8ccPgPxYBUlnRgQd8uwRY_z2kCp9afE,,4/7/2026 17:44:42
Farsobid | 10 mg/10 mL | 3RI005,Isosorbide ,Farsobid,10 mg/10 mL,vial,370.00,500.00,TRUE,Judy Mae Patrocinio,1i1ehuB0k_2Ca9av9boBjMhaNAyU8rd3JJ7TP4XjVOtU,,4/7/2026 17:44:42
Farsorbid | 10 mg/10 mL | 3RF007  ,Isosorbide ,Farsorbid,10mg/10 mL,vial,370.00,500.00,TRUE,Menivie Daniela,1IR8cNNH4KOiMUFREvFXq0wOCiIePAmYcHM8vVRkPnas,,4/7/2026 17:44:42
Flucysteine 600 | 600 mg | BW24023,Acetylcysteine,Flucysteine 600,600 mg,sachet,0.00,0.00,FALSE,Menivie Daniela,1IR8cNNH4KOiMUFREvFXq0wOCiIePAmYcHM8vVRkPnas,,4/7/2026 17:44:42
Gentacare | 80 mg /2 mL | 2403237,Gentamicin,Gentacare,80 mg /mL,ampoule,4.50,30.00,TRUE,Mae Navarro,1em8X2kYF2GYrhA4gvlnQvuZb9n3-JB69s6cYxI3fKiE,,4/7/2026 17:44:42
Gentacare | 80 mg/2 mL | 2503101,Gentamicin,Gentacare,80 mg/2 mL,ampoule,4.50,35.00,TRUE,Edcel Mae Arespacochaga,17J5RP7HqErs6Tv7daOAxKxU7nd77wX7EkUkpR06AuJY,,4/7/2026 17:44:42
Gentacare | 80 mg/2 mL | 2507609,Gentamicin,Gentacare,80 mg/2 mL,ampoule,4.50,16.00,TRUE,Judy Mae Patrocinio,1i1ehuB0k_2Ca9av9boBjMhaNAyU8rd3JJ7TP4XjVOtU,,4/7/2026 17:44:42
Gentam | 40 mg /mL | 240481,Gentamicin,Gentam,40 mg /mL,ampoule,4.50,30.00,TRUE,Mae Navarro,1em8X2kYF2GYrhA4gvlnQvuZb9n3-JB69s6cYxI3fKiE,,4/7/2026 17:44:42
GLOMED Latex | LARGE | 092025 4334 0077,LATEX GLOVES,GLOMED Latex,LARGE,Box of 100s,140.00,200.00,TRUE,Roman Mabanag,1L3MURjzhk6j6BYvsPCGYn5Zqy6XAjJmNthqzGx_U-e8,,4/7/2026 17:44:42
Glomed Latex | Medium | 219036396LC2A,Latex Gloves,Glomed Latex,Medium,box of 100s,140.00,180.00,FALSE,Menivie Daniela,1IR8cNNH4KOiMUFREvFXq0wOCiIePAmYcHM8vVRkPnas,,4/7/2026 17:44:42
GLOMED Latex | MEDIUM | 219041035LCZA,LATEX GLOVES,GLOMED Latex,MEDIUM,Box of 100s,140.00,200.00,FALSE,Roman Mabanag,1L3MURjzhk6j6BYvsPCGYn5Zqy6XAjJmNthqzGx_U-e8,,4/7/2026 17:44:42
Glomed Latex | Medium | 219042515LCZA,Gloves,Glomed Latex,Medium,Box of 100s,140.00,200.00,TRUE,Jenny Rose Jacosalem,17RGzSlvVOHhUojZc5ZDmDlaUvVaQWBGytKf56t0Awgk,,4/7/2026 17:44:42
Glomed Sterile | 6.5 | 203024445SLZA,Gloves,Glomed Sterile,6.5,pairs,10.00,35.00,TRUE,Jenny Rose Jacosalem,17RGzSlvVOHhUojZc5ZDmDlaUvVaQWBGytKf56t0Awgk,,4/7/2026 17:44:42
Glomed Sterile | 7 | 203024445SLZA,Gloves,Glomed Sterile,7,pairs,9.25,35.00,TRUE,Jenny Rose Jacosalem,17RGzSlvVOHhUojZc5ZDmDlaUvVaQWBGytKf56t0Awgk,,4/7/2026 17:44:42
Glycemet | 500 mg | 240705,Metformin,Glycemet,500 mg,tablet,0.38,5.00,TRUE,Menivie Daniela,1IR8cNNH4KOiMUFREvFXq0wOCiIePAmYcHM8vVRkPnas,,4/7/2026 17:44:42
Haixone | 1 g | FW10.125E,Ceftriaxone,Haixone,1 g,vial,33.00,300.00,TRUE,Menivie Daniela,1IR8cNNH4KOiMUFREvFXq0wOCiIePAmYcHM8vVRkPnas,,4/7/2026 17:44:42
Haizure | 100 mg/2 mL | 1324173,Phenytoin Sodium,Haizure,100 mg/2 mL,ampoule,120.00,575.00,TRUE,Jay Ann Protacio,1O_SA5V6UFANT8ccPgPxYBUlnRgQd8uwRY_z2kCp9afE,,4/7/2026 17:44:42
HCD Latex | Medium | 09202443190850,Gloves,HCD Latex,Medium,Box of 100s,145.00,200.00,TRUE,Jenny Rose Jacosalem,17RGzSlvVOHhUojZc5ZDmDlaUvVaQWBGytKf56t0Awgk,,4/7/2026 17:44:42
HCD Nitrile | Large | P0060000003035052402,Gloves ,HCD Nitrile,Large,box of 100s,140.00,180.00,TRUE,Mae Navarro,1em8X2kYF2GYrhA4gvlnQvuZb9n3-JB69s6cYxI3fKiE,,4/7/2026 17:44:42
HCD Nitrile | Large | P00600003365122403,Gloves Nitrile,HCD Nitrile,Large,box of 100s,140.00,200.00,TRUE,Cristina Salila,1bQozgnncxu4dwOtmg3hdATAHxr0dz1p6HhTzWZTMFMw,,4/7/2026 17:44:42
HCD Nitrile | Large | PO0600003365122404,Nitrile Gloves,HCD Nitrile,Large,box of 100s,140.00,180.00,TRUE,Menivie Daniela,1IR8cNNH4KOiMUFREvFXq0wOCiIePAmYcHM8vVRkPnas,,4/7/2026 17:44:42
HCD Nitrile | Medium | PO0600003773102503,Nitrile Gloves,HCD Nitrile,Medium,box of 100s,140.00,180.00,TRUE,Menivie Daniela,1IR8cNNH4KOiMUFREvFXq0wOCiIePAmYcHM8vVRkPnas,,4/7/2026 17:44:42
HCD Nitrile | SMALL | 11 205 6189 0172,NITRILE GLOVES,HCD Nitrile,SMALL,Box of 100s,135.00,200.00,TRUE,Roman Mabanag,1L3MURjzhk6j6BYvsPCGYn5Zqy6XAjJmNthqzGx_U-e8,,4/7/2026 17:44:42
HCD Nitrile | Small | PO0600003773102502,Nitrile Gloves,HCD Nitrile,Small,box of 100s,140.00,180.00,TRUE,Menivie Daniela,1IR8cNNH4KOiMUFREvFXq0wOCiIePAmYcHM8vVRkPnas,,4/7/2026 17:44:42
Nuparin | 1000 iu | 1BP25D23,Heparin,Nuparin,1000 iu,vial,70.00,100.00,TRUE,Jenny Rose Jacosalem,17RGzSlvVOHhUojZc5ZDmDlaUvVaQWBGytKf56t0Awgk,,4/7/2026 17:44:42
Hyphen | 50 mg/mL | 230710,Diphenhydramine,Hyphen,50 mg/mL,ampoule,21.00,65.00,TRUE,Menivie Daniela,1IR8cNNH4KOiMUFREvFXq0wOCiIePAmYcHM8vVRkPnas,,4/7/2026 17:44:42
Hyphen | 50 mg/mL | 240436,Diphenhydramine,Hyphen,50 mg/mL,ampoule,21.00,65.00,TRUE,Judy Mae Patrocinio,1i1ehuB0k_2Ca9av9boBjMhaNAyU8rd3JJ7TP4XjVOtU,,4/7/2026 17:44:42
Kalyx | 2 mEq/20 mL | DRP716103,Potassium Chloride,Kalyx,2 mEq/20 mL,ampoule,25.20,130.00,TRUE,Jay Ann Protacio,1O_SA5V6UFANT8ccPgPxYBUlnRgQd8uwRY_z2kCp9afE,,4/7/2026 17:44:42
Kelxime | 1 g  | ECEFM24001,Cefotaxime,Kelxime,1 g ,vial,60.00,300.00,TRUE,Romela Shen Herrera,1HEfAOQUwqB2hrkJrKMYu9uLOM7LUylkpo1GhssjXCTA,,4/7/2026 17:44:42
Kelxime | 1 g | FW10125E,Cefotaxime,Kelxime,1 g,vial,60.00,300.00,TRUE,Menivie Daniela,1IR8cNNH4KOiMUFREvFXq0wOCiIePAmYcHM8vVRkPnas,,4/7/2026 17:44:42
Kethram | 30 mg/mL | XA3F024,Ketorolac ,Kethram,30 mg/mL,ampoule,16.00,142.00,TRUE,Jay Ann Protacio,1O_SA5V6UFANT8ccPgPxYBUlnRgQd8uwRY_z2kCp9afE,,4/7/2026 17:44:42
Ketonix | 30 mg/ml | ACF23001,Ketorolac,Ketonix,30 mg/ml,ampoule,30.24,130.00,TRUE,Edcel Mae Arespacochaga,17J5RP7HqErs6Tv7daOAxKxU7nd77wX7EkUkpR06AuJY,,4/7/2026 17:44:42
Khrizvix | 75 mg | CJ0008,Clopidogrel,Khrizvix,75 mg,tablet,1.00,5.00,TRUE,Menivie Daniela,1IR8cNNH4KOiMUFREvFXq0wOCiIePAmYcHM8vVRkPnas,,4/7/2026 17:44:42
Lazicare | 20 mg/2 mL | 240440,Furosimide,Lazicare,20 mg/2 mL,ampoule,5.50,45.00,TRUE,Menivie Daniela,1IR8cNNH4KOiMUFREvFXq0wOCiIePAmYcHM8vVRkPnas,,4/7/2026 17:44:42
Liferzin | 250 mg | 2411617,Ampicillin,Liferzin,250 mg,vial,15.00,50.00,TRUE,Menivie Daniela,1IR8cNNH4KOiMUFREvFXq0wOCiIePAmYcHM8vVRkPnas,,4/7/2026 17:44:42
Losil | 20 mg/ mL | A250560,Hyoscine-n-butylbromide,Losil,20 mg/ mL,ampoule,50.00,120.00,TRUE,Edcel Mae Arespacochaga,17J5RP7HqErs6Tv7daOAxKxU7nd77wX7EkUkpR06AuJY,,4/7/2026 17:44:42
LOSIL | 20 mg/ml | 8241084,HYOSCINE-N BUTYLBROMIDE,LOSIL,20 mg/ml,AMPOULE,115.00,350.00,TRUE,Roman Mabanag,1L3MURjzhk6j6BYvsPCGYn5Zqy6XAjJmNthqzGx_U-e8,,4/7/2026 17:44:42
Losil | 20 mg/mL | A250560,Hyoscine-n-Butylbromide,Losil,20 mg/mL,ampoule,44.00,100.00,TRUE,Jake Montero,1wOWz4fba-GeFOeowYBvMaUnx-vRjQ1-ktd34GOLXx4I,,4/7/2026 17:44:42
Lozemed Plain | 1.2/ 600 mcg | KSH23014,"2,4- Dichlorobenzyl Alcohol Amylmetacresol",Lozemed Plain,1.2/ 600 mcg,tablet,0.00,0.00,FALSE,Menivie Daniela,1IR8cNNH4KOiMUFREvFXq0wOCiIePAmYcHM8vVRkPnas,,4/7/2026 17:44:42
MD-Cid | 20 mg/2mL | 4106,Ranitidine,MD-Cid,20 mg/2mL,ampoule,13.00,85.00,TRUE,Romela Shen Herrera,1HEfAOQUwqB2hrkJrKMYu9uLOM7LUylkpo1GhssjXCTA,,4/7/2026 17:44:42
MD-Uretic | 20 mg/2mL | 240710,Furosemide,MD-Uretic,20 mg/2mL,ampoule,12.00,45.00,TRUE,Romela Shen Herrera,1HEfAOQUwqB2hrkJrKMYu9uLOM7LUylkpo1GhssjXCTA,,4/7/2026 17:44:42
Melatonin | 3 mg | SATA22191,Medi -Nite,Melatonin,3 mg,tablet,0.00,0.00,FALSE,Menivie Daniela,1IR8cNNH4KOiMUFREvFXq0wOCiIePAmYcHM8vVRkPnas,,4/7/2026 17:44:42
Metoclosil | 10 mg/2 mL | 2403139,Metoclopramide,Metoclosil,10 mg/2 mL,ampoule,5.50,45.00,TRUE,Menivie Daniela,1IR8cNNH4KOiMUFREvFXq0wOCiIePAmYcHM8vVRkPnas,,4/7/2026 17:44:42
NEOTALIS | 0.5 mg/mL | A240577,NEOSTIGMINE,NEOTALIS,0.5 mg/mL,AMPOULE,59.00,200.00,TRUE,Roman Mabanag,1L3MURjzhk6j6BYvsPCGYn5Zqy6XAjJmNthqzGx_U-e8,,4/7/2026 17:44:42
Neotalis | 0.5 mg/mL | A241162,Neostigmine,Neotalis,0.5 mg/mL,ampoule,59.00,250.00,TRUE,Edcel Mae Arespacochaga,17J5RP7HqErs6Tv7daOAxKxU7nd77wX7EkUkpR06AuJY,,4/7/2026 17:44:42
Neotalis | 0.5 mg/mL | A250861,Neostigmine,Neotalis,0.5 mg/mL,ampoule,58.00,200.00,TRUE,Jake Montero,1wOWz4fba-GeFOeowYBvMaUnx-vRjQ1-ktd34GOLXx4I,,4/7/2026 17:44:42
Nestle Pre-nan | 400 g,Milk,Nestle Pre-nan,400 g,can,981.00,"1,200.00",TRUE,Jenny Rose Jacosalem,17RGzSlvVOHhUojZc5ZDmDlaUvVaQWBGytKf56t0Awgk,,4/7/2026 17:44:42
Nipple Gel | 30 g | NU08241SR,Nursna,Nipple Gel,30 g,piece,299.33,499.00,TRUE,Jay Ann Protacio,1O_SA5V6UFANT8ccPgPxYBUlnRgQd8uwRY_z2kCp9afE,,4/7/2026 17:44:42
Noprivex 4000 iu | 0.4 mL | BNI0824056,Enoxaparin,Noprivex 4000 iu,0.4 mL,PFS,350.00,450.00,TRUE,Mae Navarro,1em8X2kYF2GYrhA4gvlnQvuZb9n3-JB69s6cYxI3fKiE,,4/7/2026 17:44:42
Noprivex 6000 iu | 0.6 mL | BNI0824055,Enoxaparin,Noprivex 6000 iu,0.6 mL,PFS,450.00,600.00,TRUE,Mae Navarro,1em8X2kYF2GYrhA4gvlnQvuZb9n3-JB69s6cYxI3fKiE,,4/7/2026 17:44:42
Nupira | 4mg/4 mL | L0462318E2,Norepinephrine,Nupira,4mg/4 mL,ampoule,290.00,750.00,TRUE,Jay Ann Protacio,1O_SA5V6UFANT8ccPgPxYBUlnRgQd8uwRY_z2kCp9afE,,4/7/2026 17:44:42
Nupira | 4 mg/4mL | L0462524E2,Norepinephine,Nupira,4 mg/4mL,ampoule,100.00,750.00,TRUE,Jay Ann Protacio,1O_SA5V6UFANT8ccPgPxYBUlnRgQd8uwRY_z2kCp9afE,,4/7/2026 17:44:42
Onitaz | 4.5 g | UOT24003,Piperacillin Tazobactam,Onitaz,4.5 g,vial,200.00,720.00,TRUE,Jake Montero,1wOWz4fba-GeFOeowYBvMaUnx-vRjQ1-ktd34GOLXx4I,,4/7/2026 17:44:42
Ormed Macroset | 20 drops | 420206,Infusion Set,Ormed Macroset,20 drops,piece,17.00,30.00,TRUE,Menivie Daniela,1IR8cNNH4KOiMUFREvFXq0wOCiIePAmYcHM8vVRkPnas,,4/7/2026 17:44:42
Ormed Microset | 60 drops | 420206,Infusion Set,Ormed Microset,60 drops,piece,17.00,30.00,TRUE,Menivie Daniela,1IR8cNNH4KOiMUFREvFXq0wOCiIePAmYcHM8vVRkPnas,,4/7/2026 17:44:42
Oxavin | 500 mg | 2507641,Oxacillin,Oxavin,500 mg,vial,19.00,75.00,TRUE,Jenny Rose Jacosalem,17RGzSlvVOHhUojZc5ZDmDlaUvVaQWBGytKf56t0Awgk,,4/7/2026 17:44:42
Pantrex | 100 mg/mL | 1123152,Tranexamic Acid,Pantrex,100 mg/mL,ampoule,53.00,160.00,TRUE,Menivie Daniela,1IR8cNNH4KOiMUFREvFXq0wOCiIePAmYcHM8vVRkPnas,,4/7/2026 17:44:42
PANTREX | 500 mg/5 mL | 1123 152,TRANEXAMIC ACID,PANTREX,500 mg/5 mL,AMPOULE,53.00,160.00,TRUE,Roman Mabanag,1L3MURjzhk6j6BYvsPCGYn5Zqy6XAjJmNthqzGx_U-e8,,4/7/2026 17:44:42
Pantrex | 500 mg/5 mL | 1125088,Tranexamic Acid,Pantrex,500 mg/5 mL,ampoule,63.00,160.00,TRUE,Jake Montero,1wOWz4fba-GeFOeowYBvMaUnx-vRjQ1-ktd34GOLXx4I,,4/7/2026 17:44:42
Partners | KN 95 | JA251220U,Face Mask,Partners,KN 95,piece,4.64,10.00,TRUE,Menivie Daniela,1IR8cNNH4KOiMUFREvFXq0wOCiIePAmYcHM8vVRkPnas,,4/7/2026 17:44:42
Partners Bouffant cap | Caterpillar Type 24 | MDK25021268,Bouffant Cap,Partners Bouffant cap,Caterpillar Type 24,piece,83.40,190.00,TRUE,Jay Ann Protacio,1O_SA5V6UFANT8ccPgPxYBUlnRgQd8uwRY_z2kCp9afE,,4/7/2026 17:44:42
PARTNERS D Tube | FR 18 | MDK24959919,GASTRIC DUODENAL TUBE,PARTNERS D Tube,FR 18,PIECE,120.00,185.00,TRUE,Roman Mabanag,1L3MURjzhk6j6BYvsPCGYn5Zqy6XAjJmNthqzGx_U-e8,,4/7/2026 17:44:42
Partners Diaper | Large | TGEM250020,Diaper,Partners Diaper,Large,piece,17.30,30.00,TRUE,Jenny Rose Jacosalem,17RGzSlvVOHhUojZc5ZDmDlaUvVaQWBGytKf56t0Awgk,,4/7/2026 17:44:42
Partners DIaper | Medium | TGEM240027,Diaper,Partners DIaper,Medium,piece,15.22,30.00,TRUE,Jenny Rose Jacosalem,17RGzSlvVOHhUojZc5ZDmDlaUvVaQWBGytKf56t0Awgk,,4/7/2026 17:44:42
Partners E Tube | FR 8 | 2304010770,Endotrachea Tube,Partners E Tube,FR 8,piece,34.00,55.00,TRUE,Menivie Daniela,1IR8cNNH4KOiMUFREvFXq0wOCiIePAmYcHM8vVRkPnas,,4/7/2026 17:44:42
Partners ECG Paper | 50 mm x 30m | MDK24959980,ECG Paper,Partners ECG Paper,50 mm x 30m,roll,42.73,80.00,TRUE,Menivie Daniela,1IR8cNNH4KOiMUFREvFXq0wOCiIePAmYcHM8vVRkPnas,,4/7/2026 17:44:42
Partners Elastic Bandage | 2 inch x 5 yards | JA230109U,Elastic Bandage,Partners Elastic Bandage,2 inch x 5 yards,piece,12.10,27.50,TRUE,Judy Mae Patrocinio,1i1ehuB0k_2Ca9av9boBjMhaNAyU8rd3JJ7TP4XjVOtU,,4/7/2026 17:44:42
Partners Elastic Bandage | 3 inch x5 yards | JA230209U,Elastic Bandage,Partners Elastic Bandage,3 inch x5 yards,piece,17.00,30.00,TRUE,Menivie Daniela,1IR8cNNH4KOiMUFREvFXq0wOCiIePAmYcHM8vVRkPnas,,4/7/2026 17:44:42
Partners Elastic Bandage | 4 inch x 5 yards | JA230209U,Elastic Bandage,Partners Elastic Bandage,4 inch x 5 yards,piece,17.00,30.00,TRUE,Menivie Daniela,1IR8cNNH4KOiMUFREvFXq0wOCiIePAmYcHM8vVRkPnas,,4/7/2026 17:44:42
Partners Elastic Bandage | 6 inch x 5 yards | JA250214U,Elastic Bandage,Partners Elastic Bandage,6 inch x 5 yards,piece,16.48,27.50,TRUE,Judy Mae Patrocinio,1i1ehuB0k_2Ca9av9boBjMhaNAyU8rd3JJ7TP4XjVOtU,,4/7/2026 17:44:42
Partners Elastic Bandages | 3 inch x 5 yards | JA221216,Elastic Bandage,Partners Elastic Bandages,3 inch x 5 yards,piece,15.53,27.50,TRUE,Judy Mae Patrocinio,1i1ehuB0k_2Ca9av9boBjMhaNAyU8rd3JJ7TP4XjVOtU,,4/7/2026 17:44:42
Partners Endo Tube | Cuffed 2.0mm | 2304010753,Endotracheal Tube,Partners Endo Tube,Cuffed 2.0mm,piece,35.00,55.00,TRUE,Jenny Rose Jacosalem,17RGzSlvVOHhUojZc5ZDmDlaUvVaQWBGytKf56t0Awgk,,4/7/2026 17:44:42
Partners Endo Tube | Cuffed 3.0mm | 2302010210,Endotracheal Tube,Partners Endo Tube,Cuffed 3.0mm,piece,35.00,55.00,TRUE,Jenny Rose Jacosalem,17RGzSlvVOHhUojZc5ZDmDlaUvVaQWBGytKf56t0Awgk,,4/7/2026 17:44:42
Partners Endo Tube | Cuffed 4.5mm | 2406011365,Endotracheal Tube,Partners Endo Tube,Cuffed 4.5mm,piece,33.80,55.00,TRUE,Jenny Rose Jacosalem,17RGzSlvVOHhUojZc5ZDmDlaUvVaQWBGytKf56t0Awgk,,4/7/2026 17:44:42
Partners Endo Tube | Cuffed 5.0mm | 2404010809,Endotracheal Tube,Partners Endo Tube,Cuffed 5.0mm,piece,33.80,55.00,TRUE,Jenny Rose Jacosalem,17RGzSlvVOHhUojZc5ZDmDlaUvVaQWBGytKf56t0Awgk,,4/7/2026 17:44:42
Partners Endo Tube | Cuffed 5.5 mm | 2506011921,Endotracheal Tube,Partners Endo Tube,Cuffed 5.5 mm,piece,33.48,55.00,TRUE,Jenny Rose Jacosalem,17RGzSlvVOHhUojZc5ZDmDlaUvVaQWBGytKf56t0Awgk,,4/7/2026 17:44:42
Partners Endo Tube | Cuffed 6.0mm | 2403010526,Endotracheal Tube,Partners Endo Tube,Cuffed 6.0mm,piece,33.80,55.00,TRUE,Jenny Rose Jacosalem,17RGzSlvVOHhUojZc5ZDmDlaUvVaQWBGytKf56t0Awgk,,4/7/2026 17:44:42
Partners Endo Tube | Cuffed 6.5mm | 2404010986,Endotracheal Tube,Partners Endo Tube,Cuffed 6.5mm,piece,33.80,55.00,TRUE,Jenny Rose Jacosalem,17RGzSlvVOHhUojZc5ZDmDlaUvVaQWBGytKf56t0Awgk,,4/7/2026 17:44:42
Partners Endo Tube | Cuffed 7.0mm | 2506011921,Endotracheal Tube,Partners Endo Tube,Cuffed 7.0mm,piece,33.80,60.00,TRUE,Jenny Rose Jacosalem,17RGzSlvVOHhUojZc5ZDmDlaUvVaQWBGytKf56t0Awgk,,4/7/2026 17:44:42
Partners Endo Tube | Cuffed 7.5mm | 2401010148,Endotracheal Tube,Partners Endo Tube,Cuffed 7.5mm,piece,33.80,55.00,TRUE,Jenny Rose Jacosalem,17RGzSlvVOHhUojZc5ZDmDlaUvVaQWBGytKf56t0Awgk,,4/7/2026 17:44:42
Partners Endo Tube | Cuffed 8.0mm | 2406011365,Endotracheal Tube,Partners Endo Tube,Cuffed 8.0mm,piece,33.80,55.00,TRUE,Jenny Rose Jacosalem,17RGzSlvVOHhUojZc5ZDmDlaUvVaQWBGytKf56t0Awgk,,4/7/2026 17:44:42
Partners Endo Tube | Uncuffed 3.5mm | 2304010770,Endotracheal Tube,Partners Endo Tube,Uncuffed 3.5mm,piece,33.80,55.00,TRUE,Jenny Rose Jacosalem,17RGzSlvVOHhUojZc5ZDmDlaUvVaQWBGytKf56t0Awgk,,4/7/2026 17:44:42
Partners Endo Tube | Uncuffed 4.0mm | 2404010986,Endotracheal Tube,Partners Endo Tube,Uncuffed 4.0mm,piece,33.80,55.00,TRUE,Jenny Rose Jacosalem,17RGzSlvVOHhUojZc5ZDmDlaUvVaQWBGytKf56t0Awgk,,4/7/2026 17:44:42
Partners Face Mask | Earloop | SC250601PH,Surgical Face Mask,Partners Face Mask,Earloop,piece,43.88,95.00,TRUE,Judy Mae Patrocinio,1i1ehuB0k_2Ca9av9boBjMhaNAyU8rd3JJ7TP4XjVOtU,,4/7/2026 17:44:42
Partners Feed Tube | 5 | MD21752902,Feeding Tube,Partners Feed Tube,5,piece,6.90,15.00,TRUE,Jenny Rose Jacosalem,17RGzSlvVOHhUojZc5ZDmDlaUvVaQWBGytKf56t0Awgk,,4/7/2026 17:44:42
Partners Feed Tube | 8 | MD20703504,Feeding Tube,Partners Feed Tube,8,piece,6.90,18.00,TRUE,Jenny Rose Jacosalem,17RGzSlvVOHhUojZc5ZDmDlaUvVaQWBGytKf56t0Awgk,,4/7/2026 17:44:42
Partners Foley Cath | FR 12 | 2503010490,Foley Catheter,Partners Foley Cath,FR 12,piece,27.00,50.00,TRUE,Jenny Rose Jacosalem,17RGzSlvVOHhUojZc5ZDmDlaUvVaQWBGytKf56t0Awgk,,4/7/2026 17:44:42
Partners Foley Cath | FR 8 | 2505011308,Foley Catheter,Partners Foley Cath,FR 8,piece,35.00,55.00,TRUE,Jenny Rose Jacosalem,17RGzSlvVOHhUojZc5ZDmDlaUvVaQWBGytKf56t0Awgk,,4/7/2026 17:44:42
Partners Gauze Bandage | 2 x 10 yards | JA210615U,Gauze Bandage,Partners Gauze Bandage,2 x 10 yards,piece,85.00,120.00,TRUE,Judy Mae Patrocinio,1i1ehuB0k_2Ca9av9boBjMhaNAyU8rd3JJ7TP4XjVOtU,,4/7/2026 17:44:42
"Partners Gauze Bandage | 2"" x2 x 8 ply | JA230209U",Gauze Bandage,Partners Gauze Bandage,"2"" x2 x 8 ply",piece,109.60,139.60,TRUE,Judy Mae Patrocinio,1i1ehuB0k_2Ca9av9boBjMhaNAyU8rd3JJ7TP4XjVOtU,,4/7/2026 17:44:42
Partners Gauze Bandage | 4 x10 yards | JA25011OU,Gauze Bandage,Partners Gauze Bandage,4 x10 yards,piece,10.56,18.33,TRUE,Judy Mae Patrocinio,1i1ehuB0k_2Ca9av9boBjMhaNAyU8rd3JJ7TP4XjVOtU,,4/7/2026 17:44:42
"Partners Gauze Bandage | 4""x4"" x8 ply | JA24080IU",Gauze Bandage,Partners Gauze Bandage,"4""x4"" x8 ply",piece,1.80,3.02,TRUE,Judy Mae Patrocinio,1i1ehuB0k_2Ca9av9boBjMhaNAyU8rd3JJ7TP4XjVOtU,,4/7/2026 17:44:42
Partners Gauze Roll | 36X100Y | JA25100IU,Gauze Roll,Partners Gauze Roll,36X100Y,piece,646.00,"1,200.00",TRUE,Jay Ann Protacio,1O_SA5V6UFANT8ccPgPxYBUlnRgQd8uwRY_z2kCp9afE,,4/7/2026 17:44:42
Partners KN 95 | KN 95 | JA25122OU,KN 95,Partners KN 95,KN 95,piece,135.00,6.00,TRUE,Judy Mae Patrocinio,1i1ehuB0k_2Ca9av9boBjMhaNAyU8rd3JJ7TP4XjVOtU,,4/7/2026 17:44:42
Partners LS  | 12 x 12 | JA250407U,Lap Sponge,Partners LS ,12 x 12,piece,51.48,60.00,TRUE,Jay Ann Protacio,1O_SA5V6UFANT8ccPgPxYBUlnRgQd8uwRY_z2kCp9afE,,4/7/2026 17:44:42
Partners Lubricating Jelly | 5 g | 2501005,Lubricating Jelly,Partners Lubricating Jelly,5 g,piece,4.16,8.00,TRUE,Judy Mae Patrocinio,1i1ehuB0k_2Ca9av9boBjMhaNAyU8rd3JJ7TP4XjVOtU,,4/7/2026 17:44:42
Partners Lubricating Jelly | 80 g | 2409224,Lubricating Jelly,Partners Lubricating Jelly,80 g,piece,44.29,60.00,TRUE,Judy Mae Patrocinio,1i1ehuB0k_2Ca9av9boBjMhaNAyU8rd3JJ7TP4XjVOtU,,4/7/2026 17:44:42
Partners Nasal Oxygen | Pedia/Adult | SC250918PH,Nasal Oxygen,Partners Nasal Oxygen,Pedia/Adult,piece,14.00,19.00,TRUE,Judy Mae Patrocinio,1i1ehuB0k_2Ca9av9boBjMhaNAyU8rd3JJ7TP4XjVOtU,,4/7/2026 17:44:42
Partners Nebulizer Kit | Adult | SC241023PH,Nebulizer Kit/Mask,Partners Nebulizer Kit,Adult,piece,28.84,45.00,TRUE,Judy Mae Patrocinio,1i1ehuB0k_2Ca9av9boBjMhaNAyU8rd3JJ7TP4XjVOtU,,4/7/2026 17:44:42
Partners Nebulizer Kit | Pedia | 2506011921,Nebulizer Kit/Mask,Partners Nebulizer Kit,Pedia,piece,28.84,45.00,TRUE,Judy Mae Patrocinio,1i1ehuB0k_2Ca9av9boBjMhaNAyU8rd3JJ7TP4XjVOtU,,4/7/2026 17:44:42
Partners Ngt | FR 16 | MDK23877969,Silicone,Partners Ngt,FR 16,piece,122.00,185.00,TRUE,Menivie Daniela,1IR8cNNH4KOiMUFREvFXq0wOCiIePAmYcHM8vVRkPnas,,4/7/2026 17:44:42
Partners Ngt | FR 18 | MD21777008,Silicone,Partners Ngt,FR 18,piece,130.00,185.00,TRUE,Menivie Daniela,1IR8cNNH4KOiMUFREvFXq0wOCiIePAmYcHM8vVRkPnas,,4/7/2026 17:44:42
Partners Oxygen Cannula | Adult | SC23814Ph,Oxygen Cannula,Partners Oxygen Cannula,Adult,piece,14.00,19.00,TRUE,Mae Navarro,1em8X2kYF2GYrhA4gvlnQvuZb9n3-JB69s6cYxI3fKiE,,4/7/2026 17:44:42
Partners Oxygen Cannula | Pedia | SC23813PH,Oxygen Cannula,Partners Oxygen Cannula,Pedia,piece,13.91,19.00,TRUE,Mae Navarro,1em8X2kYF2GYrhA4gvlnQvuZb9n3-JB69s6cYxI3fKiE,,4/7/2026 17:44:42
PARTNERS Resu PVC | ADULT | 24002845,MANUAL RESUSCITATOR,PARTNERS Resu PVC,ADULT,PIECE,578.00,880.00,TRUE,Roman Mabanag,1L3MURjzhk6j6BYvsPCGYn5Zqy6XAjJmNthqzGx_U-e8,,4/7/2026 17:44:42
PARTNERS Resu PVC | PEDIA | 23002675,MANUAL RESUSCITATOR,PARTNERS Resu PVC,PEDIA,PIECE,578.00,880.00,TRUE,Roman Mabanag,1L3MURjzhk6j6BYvsPCGYn5Zqy6XAjJmNthqzGx_U-e8,,4/7/2026 17:44:42
Partners S Cath | FR 10 | SC240315PH,Suction Catheter,Partners S Cath,FR 10,piece,6.00,12.00,TRUE,Menivie Daniela,1IR8cNNH4KOiMUFREvFXq0wOCiIePAmYcHM8vVRkPnas,,4/7/2026 17:44:42
Partners S Cath | FR 12 | MDK23877923,Suction Catheter,Partners S Cath,FR 12,piece,6.00,12.00,TRUE,Menivie Daniela,1IR8cNNH4KOiMUFREvFXq0wOCiIePAmYcHM8vVRkPnas,,4/7/2026 17:44:42
Partners S Cath | FR 14 | SC230726PH,Suction Catheter,Partners S Cath,FR 14,piece,6.00,12.00,TRUE,Menivie Daniela,1IR8cNNH4KOiMUFREvFXq0wOCiIePAmYcHM8vVRkPnas,,4/7/2026 17:44:42
Partners S Cath | FR 16 | SC240416PH,Suction Catheter,Partners S Cath,FR 16,piece,6.00,12.00,TRUE,Menivie Daniela,1IR8cNNH4KOiMUFREvFXq0wOCiIePAmYcHM8vVRkPnas,,4/7/2026 17:44:42
Partners S Tube | FR 16 | MDK23877917,Stomach Tube,Partners S Tube,FR 16,piece,10.00,14.00,TRUE,Menivie Daniela,1IR8cNNH4KOiMUFREvFXq0wOCiIePAmYcHM8vVRkPnas,,4/7/2026 17:44:42
PARTNERS S Tube | FR 16 | SC250617PH,STOMACH TUBE,PARTNERS S Tube,FR 16,PIECE,10.00,16.00,TRUE,Roman Mabanag,1L3MURjzhk6j6BYvsPCGYn5Zqy6XAjJmNthqzGx_U-e8,,4/7/2026 17:44:42
Partners S Tube | FR14 | SC231026PH,Stomach Tube,Partners S Tube,FR14,piece,10.00,14.00,TRUE,Menivie Daniela,1IR8cNNH4KOiMUFREvFXq0wOCiIePAmYcHM8vVRkPnas,,4/7/2026 17:44:42
Partners Stomach Tube | FR 18 | MD20592301,Stomach Tube,Partners Stomach Tube,FR 18,piece,9.90,15.00,TRUE,Jenny Rose Jacosalem,17RGzSlvVOHhUojZc5ZDmDlaUvVaQWBGytKf56t0Awgk,,4/7/2026 17:44:42
Partners Stool Container | bottle with cap | VIP 00002,Stool Container,Partners Stool Container ,bottle with cap,piece,6.00,9.00,TRUE,Jenny Rose Jacosalem,17RGzSlvVOHhUojZc5ZDmDlaUvVaQWBGytKf56t0Awgk,,4/7/2026 17:44:42
Partners Suction Cath | FR 10 | SC250405PH,Suction Catheter,Partners Suction Cath,FR 10,piece,5.77,11.00,TRUE,Jenny Rose Jacosalem,17RGzSlvVOHhUojZc5ZDmDlaUvVaQWBGytKf56t0Awgk,,4/7/2026 17:44:42
Partners Suction Cath | FR 12 | SC240823PH,Suction Catheter,Partners Suction Cath,FR 12,piece,5.77,11.00,TRUE,Jenny Rose Jacosalem,17RGzSlvVOHhUojZc5ZDmDlaUvVaQWBGytKf56t0Awgk,,4/7/2026 17:44:42
Partners Suction Cath | FR 14 | MD21777006,Suction Catheter,Partners Suction Cath,FR 14,piece,5.82,9.00,TRUE,Mae Navarro,1em8X2kYF2GYrhA4gvlnQvuZb9n3-JB69s6cYxI3fKiE,,4/7/2026 17:44:42
Partners Suction Cath | FR 14 | SC250605,Suction Catheter,Partners Suction Cath,FR 14,piece,5.82,12.22,TRUE,Jenny Rose Jacosalem,17RGzSlvVOHhUojZc5ZDmDlaUvVaQWBGytKf56t0Awgk,,4/7/2026 17:44:42
Partners Suction Cath | FR 5 | SC250109PH,Suction Catheter,Partners Suction Cath,FR 5,piece,6.23,11.00,TRUE,Jenny Rose Jacosalem,17RGzSlvVOHhUojZc5ZDmDlaUvVaQWBGytKf56t0Awgk,,4/7/2026 17:44:42
Partners Surgical Mask | Earloop | SC250601PH,Face Mask,Partners Surgical Mask,Earloop,box of 50s,43.88,90.00,TRUE,Menivie Daniela,1IR8cNNH4KOiMUFREvFXq0wOCiIePAmYcHM8vVRkPnas,,4/7/2026 17:44:42
Partners Surgical Tape | 1 inch x 10 yards | JA250407U,Surgical Tape,Partners Surgical Tape,1 inch x 10 yards,piece,13.00,94.00,TRUE,Judy Mae Patrocinio,1i1ehuB0k_2Ca9av9boBjMhaNAyU8rd3JJ7TP4XjVOtU,,4/7/2026 17:44:42
Partners Thermometer | Digital | MDR08044,Digital Thermometer,Partners Thermometer,Digital,piece,39.14,65.00,TRUE,Jay Ann Protacio,1O_SA5V6UFANT8ccPgPxYBUlnRgQd8uwRY_z2kCp9afE,,4/7/2026 17:44:42
Partners Underpads | 60 x 90 | TGEM1250045,Underpads,Partners Underpads,60 x 90,packs,103.00,200.00,TRUE,Jay Ann Protacio,1O_SA5V6UFANT8ccPgPxYBUlnRgQd8uwRY_z2kCp9afE,,4/7/2026 17:44:42
PartnersElastic Bandage | 4 inch x 5 yards | JA250313U,Elastic Bandage,PartnersElastic Bandage,4 inch x 5 yards,piece,28.00,33.00,TRUE,Judy Mae Patrocinio,1i1ehuB0k_2Ca9av9boBjMhaNAyU8rd3JJ7TP4XjVOtU,,4/7/2026 17:44:42
Phenerex | 50 mg/2 mL | 339,Promethazine,Phenerex,50 mg/2 mL,ampoule,21.80,100.00,TRUE,Menivie Daniela,1IR8cNNH4KOiMUFREvFXq0wOCiIePAmYcHM8vVRkPnas,,4/7/2026 17:44:42
Philvan | 1 g | UTDJ4B4,Vancomycin,Philvan,1 g,vial,160.00,680.00,TRUE,Mae Navarro,1em8X2kYF2GYrhA4gvlnQvuZb9n3-JB69s6cYxI3fKiE,,4/7/2026 17:44:42
Philvan | 1 g | VTDG5B6,Vancomycin,Philvan,1 g,vial,160.00,720.00,TRUE,Romela Shen Herrera,1HEfAOQUwqB2hrkJrKMYu9uLOM7LUylkpo1GhssjXCTA,,4/7/2026 17:44:42
Philvan | 500 mg | VTDG5A7,Vancomycin,Philvan,500 mg,ampoule,100.00,720.00,TRUE,Romela Shen Herrera,1HEfAOQUwqB2hrkJrKMYu9uLOM7LUylkpo1GhssjXCTA,,4/7/2026 17:44:42
Phytocare | 10 mg/mL | 250571,Phytomenadione,Phytocare,10 mg/mL,ampoule,14.80,75.00,FALSE,Edcel Mae Arespacochaga,17J5RP7HqErs6Tv7daOAxKxU7nd77wX7EkUkpR06AuJY,,4/7/2026 17:44:42
Phytocore | 10 mg/2 mL | 230941,Phytomenadione,Phytocore,10 mg/2 mL,ampoule,15.00,75.00,TRUE,Menivie Daniela,1IR8cNNH4KOiMUFREvFXq0wOCiIePAmYcHM8vVRkPnas,,4/7/2026 17:44:42
Phytodone | 10 mg/mL | GN5659,Phytomedaione,Phytodone,10 mg/mL,ampoule,14.80,45.00,TRUE,Romela Shen Herrera,1HEfAOQUwqB2hrkJrKMYu9uLOM7LUylkpo1GhssjXCTA,,4/7/2026 17:44:42
Pletaxol | 100 mg | 4A318A,Cilostazol,Pletaxol,100 mg,ampoule,0.00,0.00,FALSE,Menivie Daniela,1IR8cNNH4KOiMUFREvFXq0wOCiIePAmYcHM8vVRkPnas,,4/7/2026 17:44:42
Porfever | 300 mg/2 mL | 240386,Paracetamol,Porfever,300 mg/2 mL,ampoule,6.50,35.00,FALSE,Edcel Mae Arespacochaga,17J5RP7HqErs6Tv7daOAxKxU7nd77wX7EkUkpR06AuJY,,4/7/2026 17:44:42
Porfever | 300 mg/2 mL | 240444,Paracetamol,Porfever,300 mg/2 mL,ampoule,6.50,35.00,TRUE,Menivie Daniela,1IR8cNNH4KOiMUFREvFXq0wOCiIePAmYcHM8vVRkPnas,,4/7/2026 17:44:42
Porfever | 300 mg/2 mL | 251153,Paracetamol,Porfever,300 mg/2 mL,ampoule,6.50,45.00,TRUE,Mae Navarro,1em8X2kYF2GYrhA4gvlnQvuZb9n3-JB69s6cYxI3fKiE,,4/7/2026 17:44:42
Porfever | 300 mg/2 mL | 261167,Paracetamol,Porfever,300 mg/2 mL,ampoule,6.50,40.00,TRUE,Jenny Rose Jacosalem,17RGzSlvVOHhUojZc5ZDmDlaUvVaQWBGytKf56t0Awgk,,4/7/2026 17:44:42
Profmax | 200mg/20 mL | 25011,Propofol,Profmax,200mg/20 mL,vial,190.00,0.00,TRUE,Jay Ann Protacio,1O_SA5V6UFANT8ccPgPxYBUlnRgQd8uwRY_z2kCp9afE,,4/7/2026 17:44:42
Qualiprazole | 40mg | 2501668,Omeprazole,Qualiprazole,40mg,vial,90.00,450.00,TRUE,Romela Shen Herrera,1HEfAOQUwqB2hrkJrKMYu9uLOM7LUylkpo1GhssjXCTA,,4/7/2026 17:44:42
Ranicid | 50 mg/2 mL | AFU25002,Ranitidine,Ranicid,50 mg/2 mL,ampoule,33.26,85.00,TRUE,Jake Montero,1wOWz4fba-GeFOeowYBvMaUnx-vRjQ1-ktd34GOLXx4I,,4/7/2026 17:44:42
RANITEIN | 50 mg/2 mL | 2504601,RANITIDINE HCL,RANITEIN,50 mg/2 mL,AMPOULE,11.00,65.00,TRUE,Roman Mabanag,1L3MURjzhk6j6BYvsPCGYn5Zqy6XAjJmNthqzGx_U-e8,,4/7/2026 17:44:42
Sacriva-750 | 500 mg/250 mg | 631230602,Ampicillin Sulbactam ,Sacriva-750,500 mg/250 mg,vial,18.30,120.00,TRUE,Jay Ann Protacio,1O_SA5V6UFANT8ccPgPxYBUlnRgQd8uwRY_z2kCp9afE,,4/7/2026 17:44:42
Sedansenz  Airway | 80 mm | 12699PM,Guedel Airway,Sedansenz  Airway,80 mm,piece,36.00,51.00,TRUE,Edcel Mae Arespacochaga,17J5RP7HqErs6Tv7daOAxKxU7nd77wX7EkUkpR06AuJY,,4/7/2026 17:44:42
Sedansenz E TT | 8.0 mm | 11851PM,ET Tube cuffed,Sedansenz E TT,8.0 mm,piece,61.00,72.00,TRUE,Edcel Mae Arespacochaga,17J5RP7HqErs6Tv7daOAxKxU7nd77wX7EkUkpR06AuJY,,4/7/2026 17:44:42
Sedazenz E TT uncuffed | 3.5 mm | 11851PM,ET Tube (uncuffed) ,Sedazenz E TT uncuffed,3.5 mm,piece,51.00,86.00,TRUE,Edcel Mae Arespacochaga,17J5RP7HqErs6Tv7daOAxKxU7nd77wX7EkUkpR06AuJY,,4/7/2026 17:44:42
Seredol | 5 mg/mL | 223490,Haloperidol,Seredol,5 mg/mL,ampoule,"1,350.00","1,690.00",TRUE,Menivie Daniela,1IR8cNNH4KOiMUFREvFXq0wOCiIePAmYcHM8vVRkPnas,,4/7/2026 17:44:42
Simplex Muc Ex  | DP | 12451PM,Mucus Extractor ,Simplex Muc Ex ,DP,piece,66.00,93.00,TRUE,Edcel Mae Arespacochaga,17J5RP7HqErs6Tv7daOAxKxU7nd77wX7EkUkpR06AuJY,,4/7/2026 17:44:42
Simplex Muc Ex  | IN | 9258PP,Mucus Extractor,Simplex Muc Ex ,IN,piece,66.00,93.00,TRUE,Edcel Mae Arespacochaga,17J5RP7HqErs6Tv7daOAxKxU7nd77wX7EkUkpR06AuJY,,4/7/2026 17:44:42
Simplex Ngt Dou | FR 16 | 9271PP,Ngt Duodenal Tube,Simplex Ngt Dou,FR 16,piece,9.00,14.00,TRUE,Edcel Mae Arespacochaga,17J5RP7HqErs6Tv7daOAxKxU7nd77wX7EkUkpR06AuJY,,4/7/2026 17:44:42
Simplex Suction Cath | FR 16 | VIP 00001,Suction Catheter,Simplex Suction Cath,FR 16,piece,9.00,14.00,TRUE,Edcel Mae Arespacochaga,17J5RP7HqErs6Tv7daOAxKxU7nd77wX7EkUkpR06AuJY,,4/7/2026 17:44:42
Simplex T Drain | FR 12 | 12080PM,T-Tube Drain ,Simplex T Drain,FR 12,piece,105.00,145.00,TRUE,Edcel Mae Arespacochaga,17J5RP7HqErs6Tv7daOAxKxU7nd77wX7EkUkpR06AuJY,,4/7/2026 17:44:42
Simplex T Drain | FR 14 | 12080PM,T-Tube Drain ,Simplex T Drain,FR 14,piece,105.00,145.00,TRUE,Edcel Mae Arespacochaga,17J5RP7HqErs6Tv7daOAxKxU7nd77wX7EkUkpR06AuJY,,4/7/2026 17:44:42
Simplex T Drain | FR 16 | 12080PM,T-Tube Drain,Simplex T Drain,FR 16,piece,105.00,145.00,TRUE,Edcel Mae Arespacochaga,17J5RP7HqErs6Tv7daOAxKxU7nd77wX7EkUkpR06AuJY,,4/7/2026 17:44:42
Simplex T Drain | FR 18 | 12080PM,T-Tube Drain ,Simplex T Drain,FR 18,piece,105.00,145.00,TRUE,Edcel Mae Arespacochaga,17J5RP7HqErs6Tv7daOAxKxU7nd77wX7EkUkpR06AuJY,,4/7/2026 17:44:42
Sobinate | 84 mg/ mL (8.4% w/v) | L0732404A,Sodium Bicarbonate,Sobinate,84 mg/ mL (8.4% w/v),ampoule,119.00,300.00,TRUE,Romela Shen Herrera,1HEfAOQUwqB2hrkJrKMYu9uLOM7LUylkpo1GhssjXCTA,,4/7/2026 17:44:42
Sodicarb | 84 mg/mL (8.4% w/v) | 5240014,Sodium Bicarbonate,Sodicarb,84 mg/mL (8.4% w/v),ampoule,92.00,250.00,TRUE,Jake Montero,1wOWz4fba-GeFOeowYBvMaUnx-vRjQ1-ktd34GOLXx4I,,4/7/2026 17:44:42
Speeda | 0.5 mL | 202505120AY,Purified Rabies Vaccine,Speeda,0.5 mL,piece,930.00,"1,250.00",TRUE,Judy Mae Patrocinio,1i1ehuB0k_2Ca9av9boBjMhaNAyU8rd3JJ7TP4XjVOtU,,4/7/2026 17:44:42
Stigmithyl | 500 mcg/mL  | 4RA110,Neostigmine,Stigmithyl,500 mcg/mL ,ampoule,78.40,200.00,TRUE,Romela Shen Herrera,1HEfAOQUwqB2hrkJrKMYu9uLOM7LUylkpo1GhssjXCTA,,4/7/2026 17:44:42
Tachyban | 6 mg/2 mL | 2F25006,Adenosine,Tachyban,6 mg/2 mL,ampoule,180.00,570.00,TRUE,Jay Ann Protacio,1O_SA5V6UFANT8ccPgPxYBUlnRgQd8uwRY_z2kCp9afE,,4/7/2026 17:44:42
Tachyban | 6 mg/2 mL | T230529,Adenosine,Tachyban,6 mg/2 mL,ampoule,180.00,570.00,TRUE,Menivie Daniela,1IR8cNNH4KOiMUFREvFXq0wOCiIePAmYcHM8vVRkPnas,,4/7/2026 17:44:42
Tazacin | 4.5 g | UTZ23006,Piperacillin Tazobactam,Tazacin,4.5 g,vial,200.00,600.00,TRUE,Menivie Daniela,1IR8cNNH4KOiMUFREvFXq0wOCiIePAmYcHM8vVRkPnas,,4/7/2026 17:44:42
Telmibet | 80 mg | EGT240212,Telmisartan,Telmibet,80 mg,tablet,3.83,10.00,TRUE,Menivie Daniela,1IR8cNNH4KOiMUFREvFXq0wOCiIePAmYcHM8vVRkPnas,,4/7/2026 17:44:42
Tetagam | 1 mL 250 IU | P100796966,Human Tetanus Immunoglobulin,Tetagam,1 mL 250 IU,vial,"1,394.00","1,500.00",TRUE,Jenny Rose Jacosalem,17RGzSlvVOHhUojZc5ZDmDlaUvVaQWBGytKf56t0Awgk,,4/7/2026 17:44:42
Tropin | 1mg/mL | 2406081,Atropine,Tropin,1mg/mL,ampoule,21.50,75.00,TRUE,Judy Mae Patrocinio,1i1ehuB0k_2Ca9av9boBjMhaNAyU8rd3JJ7TP4XjVOtU,,4/7/2026 17:44:42
Troysetron | 8 mg/4 mL | 2DS25002,Ondansetron,Troysetron,8 mg/4 mL,ampoule,76.00,285.00,TRUE,Jay Ann Protacio,1O_SA5V6UFANT8ccPgPxYBUlnRgQd8uwRY_z2kCp9afE,,4/7/2026 17:44:42
Truferacid | 500 mg | 3FU604A2,Iron Multivitamins,Truferacid,500 mg,capsules,0.00,0.00,FALSE,Menivie Daniela,1IR8cNNH4KOiMUFREvFXq0wOCiIePAmYcHM8vVRkPnas,,4/7/2026 17:44:42
Unimex Macro Set | 20 drops/mL | 16734IC,Infusion Set,Unimex Macro Set,20 drops/mL,piece,14.00,25.00,TRUE,Judy Mae Patrocinio,1i1ehuB0k_2Ca9av9boBjMhaNAyU8rd3JJ7TP4XjVOtU,,4/7/2026 17:44:42
Unimex Micro Set | 60 drops/mL | 16734IC,Infusion Set,Unimex Micro Set,60 drops/mL,piece,14.00,25.00,TRUE,Judy Mae Patrocinio,1i1ehuB0k_2Ca9av9boBjMhaNAyU8rd3JJ7TP4XjVOtU,,4/7/2026 17:44:42
Unimex Pen Drain | 1/2 | 16644TC,Penrose Drain,Unimex Pen Drain,1/2,piece,45.00,65.00,TRUE,Jenny Rose Jacosalem,17RGzSlvVOHhUojZc5ZDmDlaUvVaQWBGytKf56t0Awgk,,4/7/2026 17:44:42
Unimex Pen Drain | 1/4 | 12712PM,Penrose Drain,Unimex Pen Drain,1/4,piece,45.00,65.00,TRUE,Jenny Rose Jacosalem,17RGzSlvVOHhUojZc5ZDmDlaUvVaQWBGytKf56t0Awgk,,4/7/2026 17:44:42
"Unimex Penrose Drainage Tubing | 1"" | 10938M",Penrose Drainage Tubing,Unimex Penrose Drainage Tubing,"1""",piece,45.00,0.00,TRUE,Jenny Rose Jacosalem,17RGzSlvVOHhUojZc5ZDmDlaUvVaQWBGytKf56t0Awgk,,4/7/2026 17:44:42
Unimex Volumetric | 60 drops/mL | 12683PM,Volumetric Infusion Set,Unimex Volumetric,60 drops/mL,piece,76.00,120.00,TRUE,Judy Mae Patrocinio,1i1ehuB0k_2Ca9av9boBjMhaNAyU8rd3JJ7TP4XjVOtU,,4/7/2026 17:44:42
Viprazole | 40 mg | D260118,Omeprazole,Viprazole,40 mg,vial,40.00,450.00,TRUE,Gregg Louie Vios,12yanCzM4ZZ0pUJw6UJ7a5G4b97re2eNpOJgW9sVBAzQ,,4/7/2026 17:44:42
Viprazole | 40 mg | D650113,Omeprazole,Viprazole,40 mg,vial,40.00,450.00,TRUE,Mae Navarro,1em8X2kYF2GYrhA4gvlnQvuZb9n3-JB69s6cYxI3fKiE,,4/7/2026 17:44:42
VIPRAZOLE | 40 mg | DG50113,OMEPRAZOLE,VIPRAZOLE,40 mg,VIAL,40.00,300.00,TRUE,Roman Mabanag,1L3MURjzhk6j6BYvsPCGYn5Zqy6XAjJmNthqzGx_U-e8,,4/7/2026 17:44:42
Viptriaxone | 1 g | ECFXM24107,Ceftriaxone,Viptriaxone,1 g,vial,35.00,480.00,TRUE,Gregg Louie Vios,12yanCzM4ZZ0pUJw6UJ7a5G4b97re2eNpOJgW9sVBAzQ,,4/7/2026 17:44:42
Vitaroxima | 750 mg | C240064,Cefuroxime,Vitaroxima,750 mg,vial,115.00,500.00,TRUE,Romela Shen Herrera,1HEfAOQUwqB2hrkJrKMYu9uLOM7LUylkpo1GhssjXCTA,,4/7/2026 17:44:42
Vitaroxima | 750 mg | C240132,Cefuroxime,Vitaroxima,750 mg,vial,115.00,500.00,TRUE,Menivie Daniela,1IR8cNNH4KOiMUFREvFXq0wOCiIePAmYcHM8vVRkPnas,,4/7/2026 17:44:42
Vitasone | 100 mg | M240041,Hydrocortisone,Vitasone,100 mg,vial,75.00,225.00,TRUE,Menivie Daniela,1IR8cNNH4KOiMUFREvFXq0wOCiIePAmYcHM8vVRkPnas,,4/7/2026 17:44:42
Vitazol | 500 mg/100 mL | 230308,Metronidazole,Vitazol,500 mg/100 mL,bottle,36.00,190.00,TRUE,Jake Montero,1wOWz4fba-GeFOeowYBvMaUnx-vRjQ1-ktd34GOLXx4I,,4/7/2026 17:44:42
Vitral | 50 mg/mL | A255092,Tramadol,Vitral,50 mg/mL,ampoule,57.00,110.00,TRUE,Jake Montero,1wOWz4fba-GeFOeowYBvMaUnx-vRjQ1-ktd34GOLXx4I,,4/7/2026 17:44:42
Xanginart | 35 mg | FK16A401,Trimetazidine,Xanginart,35 mg,tablet,4.17,15.00,TRUE,Menivie Daniela,1IR8cNNH4KOiMUFREvFXq0wOCiIePAmYcHM8vVRkPnas,,4/7/2026 17:44:42
Xoprazole | 40 mg | XZP043,Omeprazole,Xoprazole ,40 mg,tablet,4.00,12.00,TRUE,Jay Ann Protacio,1O_SA5V6UFANT8ccPgPxYBUlnRgQd8uwRY_z2kCp9afE,,4/7/2026 17:44:42
Zytact | 200 mg/5mL | AU23033,Azithromycin,Zytact,200 mg/5mL,15 mL bottle,55.00,75.00,TRUE,Judy Mae Patrocinio,1i1ehuB0k_2Ca9av9boBjMhaNAyU8rd3JJ7TP4XjVOtU,,4/7/2026 17:44:42